date,open,high,low,close,volume,value
2020-10-22,97.0,97.0,92.15,92.15,254790.0,23642929.45
2020-10-23,87.55,87.55,87.55,87.55,39370.0,3446843.5
2020-10-26,83.2,83.2,83.2,83.2,22653.0,1884729.6
2020-10-27,79.05,79.05,79.05,79.05,14894.0,1177370.7
2020-10-28,75.1,75.1,75.1,75.1,54677.0,4106242.7
2020-10-29,71.35,71.35,71.35,71.35,40577.0,2895168.95
2020-10-30,67.8,67.8,67.8,67.8,32680.0,2215704.0
2020-11-02,64.45,64.45,64.45,64.45,69112.0,4454268.4
2020-11-03,61.25,67.65,61.25,67.65,4928871.0,319338402.75
2020-11-04,68.95,68.95,64.3,64.3,1921329.0,125123270.05
2020-11-05,62.7,62.85,54.4,58.4,6198675.0,362688295.15
2020-11-06,59.0,68.6,58.35,64.75,5133633.0,330835029.6
2020-11-09,65.8,66.7,63.4,65.3,1369302.0,89240271.15
2020-11-10,65.0,65.35,60.0,61.35,891481.0,55712926.65
2020-11-11,61.6,64.0,61.5,61.7,790511.0,49451276.95
2020-11-12,62.35,64.25,61.8,63.0,604249.0,38164213.25
2020-11-13,62.45,64.0,62.45,62.9,312357.0,19754486.9
2020-11-14,64.5,65.8,64.1,65.5,386916.0,25174728.3
2020-11-17,66.95,66.95,63.6,63.95,784011.0,50517981.1
2020-11-18,64.25,71.6,63.55,67.3,3212792.0,219243157.5
2020-11-19,67.95,70.85,66.0,66.85,1820774.0,124963191.95
2020-11-20,67.7,68.0,64.5,65.35,785949.0,51735129.9
2020-11-23,66.5,66.5,64.5,64.85,529633.0,34408343.75
2020-11-24,66.0,66.0,63.6,63.8,447726.0,28751792.9
2020-11-25,64.9,64.9,62.0,63.05,658856.0,41678592.5
2020-11-26,63.9,64.8,62.3,62.9,768206.0,48537947.95
2020-11-27,63.15,63.5,62.7,63.05,1653062.0,104176123.45
2020-12-01,63.8,67.15,63.4,64.2,5490225.0,356100377.55
2020-12-02,64.0,73.9,63.5,72.8,10245492.0,702602432.3
2020-12-03,75.0,80.5,73.6,76.25,7007756.0,543225098.8
2020-12-04,77.0,77.0,72.3,74.7,2102260.0,156771057.55
2020-12-07,75.75,76.35,72.9,75.0,2784478.0,208119072.65
2020-12-08,79.0,82.0,76.4,78.65,9195559.0,725346676.15
2020-12-09,79.6,79.6,77.2,77.65,1800850.0,141600529.5
2020-12-10,76.5,77.55,74.1,75.35,1368248.0,103033119.2
2020-12-11,75.05,81.85,75.05,76.7,3228071.0,252759338.3
2020-12-14,77.9,79.0,75.1,78.4,1932148.0,149615968.4
2020-12-15,78.75,78.75,76.1,76.45,1117710.0,86024942.2
2020-12-16,78.0,79.0,76.6,77.3,1853079.0,144843263.45
2020-12-17,77.55,78.4,74.8,75.35,1034017.0,79006803.85
2020-12-18,75.5,75.85,72.5,72.7,1640048.0,120229759.85
2020-12-21,73.3,73.5,66.0,67.5,1586682.0,111382540.3
2020-12-22,69.05,71.8,64.5,71.05,1133484.0,77698805.65
2020-12-23,71.6,72.0,70.7,71.95,474778.0,34049720.2
2020-12-24,72.25,73.1,70.7,71.45,755915.0,54232094.55
2020-12-28,71.75,72.4,69.8,70.7,595902.0,42477956.45
2020-12-29,71.0,74.8,70.0,73.55,2776380.0,202203062.95
2020-12-30,74.7,88.25,72.5,88.25,10574707.0,862166846.7
2020-12-31,97.3,102.7,92.7,95.05,15363123.0,1496855537.55
2021-01-01,95.95,96.0,90.25,91.8,4425308.0,408454034.9
2021-01-04,92.7,93.55,88.3,89.05,3622465.0,325888956.5
2021-01-05,88.5,97.0,88.0,91.6,4280511.0,398040128.8
2021-01-06,92.4,92.85,88.4,89.95,2925371.0,264145162.55
2021-01-07,91.8,97.0,89.2,94.4,10252941.0,951552078.1
2021-01-08,98.65,113.25,96.5,112.6,20949147.0,2257907396.0
2021-01-11,117.2,124.45,108.65,119.6,12226351.0,1434390222.75
2021-01-12,117.95,131.55,115.2,131.1,9314639.0,1163765637.7
2021-01-13,130.4,141.2,125.05,134.4,14188207.0,1906106011.45
2021-01-14,130.1,137.3,127.05,128.35,4827136.0,633262936.5
2021-01-15,128.5,132.4,124.1,130.45,5172920.0,667267189.7
2021-01-18,132.0,143.45,127.6,141.4,10830093.0,1501487588.85
2021-01-19,145.5,152.1,142.75,144.65,7256537.0,1070875913.5
2021-01-20,147.0,149.0,141.5,143.1,2989231.0,431138665.55
2021-01-21,145.0,152.45,140.1,143.05,5986760.0,875711721.0
2021-01-22,144.2,149.2,133.45,137.6,4614014.0,649625481.75
2021-01-25,139.85,142.4,133.25,136.55,2355812.0,324391371.15
2021-01-27,137.4,137.4,129.5,130.95,1700923.0,226048293.2
2021-01-28,127.5,134.25,127.1,131.6,2017159.0,264487978.4
2021-01-29,133.0,143.5,133.0,139.65,4579882.0,638638650.0
2021-02-01,141.1,151.0,139.65,147.15,4424578.0,643911445.95
2021-02-02,144.7,149.0,140.4,141.35,998338.0,144180298.85
2021-02-03,142.0,142.0,135.1,136.8,726524.0,99754079.55
2021-02-04,139.0,143.6,136.0,143.6,420690.0,59729438.3
2021-02-05,146.5,150.75,144.0,150.75,1389933.0,207895314.8
2021-02-08,158.25,158.25,158.25,158.25,327982.0,51903151.5
2021-02-09,166.15,166.15,166.15,166.15,201694.0,33511458.1
2021-02-10,168.0,174.45,157.85,174.35,3166492.0,541847469.2
2021-02-11,175.0,183.05,175.0,183.05,1278368.0,233250822.65
2021-02-12,191.4,192.2,189.0,192.2,813408.0,156133657.05
2021-02-15,201.8,201.8,184.0,198.7,2986959.0,593415081.65
2021-02-16,194.0,195.7,188.8,188.8,1610919.0,306496987.85
2021-02-17,181.0,182.55,179.4,179.4,372091.0,66834949.65
2021-02-18,170.45,188.35,170.45,187.0,1454104.0,260178109.6
2021-02-19,182.0,191.8,177.65,179.2,752351.0,136578136.75
2021-02-22,181.5,188.0,171.0,176.3,1148194.0,206594928.5
2021-02-23,178.9,183.25,175.0,176.6,424531.0,75679338.0
2021-02-24,182.3,183.9,177.65,178.95,293626.0,53174462.1
2021-02-25,180.0,182.7,175.0,175.6,1268353.0,224406596.05
2021-02-26,172.4,180.0,170.05,175.1,356320.0,62235084.85
2021-03-01,182.0,183.0,172.0,173.05,753189.0,132809777.9
2021-03-02,174.95,176.4,170.0,171.25,351826.0,60823114.4
2021-03-03,172.2,174.9,170.0,171.3,363894.0,62539264.55
2021-03-04,170.0,171.0,166.0,168.25,1367908.0,230055243.25
2021-03-05,166.0,169.0,160.6,163.25,413337.0,68507185.5
2021-03-08,164.65,169.0,164.25,166.75,342505.0,57028673.5
2021-03-09,168.2,168.25,158.45,160.65,583671.0,93889250.6
2021-03-10,164.0,164.9,154.5,155.5,438399.0,69400455.55
2021-03-12,156.8,163.25,154.0,163.25,478542.0,77411710.7
2021-03-15,163.95,170.4,158.0,167.65,729881.0,121393518.0
2021-03-16,169.0,170.4,163.65,165.2,291906.0,48572817.05
2021-03-17,166.0,166.0,156.95,157.2,367821.0,59103802.7
2021-03-18,159.8,164.0,150.0,151.35,415117.0,63975056.15
2021-03-19,149.35,155.0,143.85,152.25,822020.0,123391339.35
2021-03-22,153.0,153.85,146.5,148.6,329032.0,49323132.4
2021-03-23,154.0,154.05,148.8,149.6,403743.0,61050987.0
2021-03-24,149.35,152.0,142.15,142.45,618435.0,89707207.2
2021-03-25,143.2,143.2,135.35,136.45,670481.0,91383054.55
2021-03-26,140.0,142.4,138.0,138.4,347394.0,48554305.0
2021-03-30,141.9,143.9,132.0,138.2,691459.0,93250644.8
2021-03-31,138.9,142.7,135.35,137.45,271587.0,37534859.45
2021-04-01,140.0,144.3,138.5,144.3,451889.0,64907381.9
2021-04-05,145.8,151.5,143.0,151.5,814554.0,122194528.85
2021-04-06,157.8,159.05,152.65,156.55,824924.0,129838973.15
2021-04-07,156.95,157.6,148.75,148.75,578739.0,87034603.35
2021-04-08,146.25,153.9,143.4,145.85,333394.0,49133713.9
2021-04-09,147.0,147.0,141.0,143.35,257068.0,36781046.8
2021-04-12,139.0,140.8,136.2,136.3,443058.0,60692600.75
2021-04-13,135.0,139.0,132.0,136.8,186623.0,25247440.75
2021-04-15,139.0,139.0,131.1,134.05,266667.0,35493188.9
2021-04-16,134.05,137.05,131.5,132.9,195044.0,26191645.5
2021-04-19,130.0,130.0,126.3,126.75,360033.0,45690209.1
2021-04-20,127.6,132.0,125.05,128.05,276644.0,35726409.2
2021-04-22,126.5,134.45,124.0,134.45,546707.0,72454348.65
2021-04-23,137.0,138.9,131.0,131.8,279870.0,37577390.95
2021-04-26,134.8,138.35,134.0,138.35,579683.0,79754250.1
2021-04-27,141.5,145.25,138.05,142.9,1025560.0,146924937.65
2021-04-28,143.8,144.05,136.05,137.4,489056.0,68329627.6
2021-04-29,138.3,138.8,132.0,134.35,340419.0,46121293.0
2021-04-30,133.0,134.65,131.0,131.45,458452.0,60731247.65
2021-05-03,129.0,133.75,129.0,130.25,404027.0,52895474.4
2021-05-04,131.0,136.45,130.2,131.0,492280.0,65718287.85
2021-05-05,132.0,136.35,130.3,132.25,371522.0,49564261.8
2021-05-06,132.25,134.7,131.0,132.1,260670.0,34633912.55
2021-05-07,132.9,138.7,131.4,134.1,1448883.0,198395458.3
2021-05-10,135.05,135.8,132.0,132.35,505974.0,67440578.05
2021-05-11,131.6,136.9,131.0,132.35,577479.0,77006306.05
2021-05-12,133.0,138.9,132.5,134.5,946495.0,128526435.1
2021-05-14,136.8,136.8,127.8,130.75,582542.0,77261933.8
2021-05-17,131.5,133.95,130.5,132.4,320353.0,42559342.95
2021-05-18,134.0,136.5,131.5,132.3,460445.0,61516832.2
2021-05-19,132.9,133.8,131.65,131.85,298428.0,39535014.1
2021-05-20,132.0,135.4,131.05,133.5,475339.0,63567386.75
2021-05-21,134.0,140.15,134.0,140.15,1204267.0,167498742.3
2021-05-24,147.15,147.15,138.55,140.45,3074319.0,446920417.25
2021-05-25,141.0,144.35,138.1,139.0,759587.0,107218219.25
2021-05-26,140.0,143.5,139.0,142.3,603445.0,85611981.65
2021-05-27,141.55,145.4,135.2,135.6,1874316.0,258124061.7
2021-05-28,136.0,137.0,131.25,132.4,1200876.0,160612519.3
2021-05-31,135.0,139.0,133.6,137.0,1137349.0,155816624.0
2021-06-01,138.0,138.0,133.1,134.2,498988.0,67375479.55
2021-06-02,134.8,137.0,132.4,133.45,1279113.0,171544728.2
2021-06-03,136.9,140.1,133.65,140.1,3244910.0,442654510.15
2021-06-04,143.75,147.1,142.3,147.1,2552286.0,370761514.4
2021-06-07,152.0,161.8,151.0,161.8,6023263.0,954781538.6
2021-06-08,165.0,167.2,154.15,155.6,3347827.0,533022892.05
2021-06-09,157.0,164.25,152.0,153.9,2152782.0,341403617.4
2021-06-10,155.2,161.65,155.1,158.75,1697955.0,269947693.45
2021-06-11,159.8,162.9,155.7,156.5,920073.0,146268345.7
2021-06-14,156.5,156.5,147.85,153.25,944721.0,143680497.4
2021-06-15,152.0,154.7,149.5,150.25,1104851.0,167301906.5
2021-06-16,150.0,153.2,146.7,147.7,641544.0,95965896.55
2021-06-17,143.5,149.5,140.85,141.85,918455.0,132884630.95
2021-06-18,142.45,144.9,137.0,139.9,787304.0,110147689.7
2021-06-21,138.5,147.7,136.65,144.7,885257.0,126793595.95
2021-06-22,146.0,151.8,145.65,146.05,943876.0,139966076.45
2021-06-23,146.8,147.1,143.0,143.25,380648.0,55167904.1
2021-06-24,143.9,145.0,140.0,140.55,321372.0,45662124.8
2021-06-25,141.25,144.5,141.25,142.55,264663.0,37801243.75
2021-06-28,143.05,143.5,138.75,139.15,527792.0,74081836.35
2021-06-29,140.0,142.0,139.5,139.95,338071.0,47546213.6
2021-06-30,140.8,141.45,137.55,137.95,414580.0,57737491.5
2021-07-01,138.8,144.9,137.05,140.95,765118.0,108153219.75
2021-07-02,141.6,142.95,139.55,140.15,357180.0,50489804.55
2021-07-05,139.5,141.75,138.75,140.2,589265.0,82650663.45
2021-07-06,140.25,154.2,140.25,150.1,4517017.0,682258515.9
2021-07-07,151.0,155.0,149.0,151.1,2117872.0,322645383.5
2021-07-08,150.5,154.7,146.1,147.55,1119174.0,168331668.95
2021-07-09,146.95,149.7,145.6,147.2,607473.0,89654994.65
2021-07-12,148.05,158.0,147.75,152.65,2362222.0,363607053.85
2021-07-13,154.05,154.8,147.45,149.25,1053799.0,159539832.05
2021-07-14,149.75,155.85,148.55,150.45,986508.0,149856751.1
2021-07-15,156.0,156.0,149.15,153.25,1274133.0,194151010.45
2021-07-16,154.0,155.0,151.0,152.6,815724.0,124560778.75
2021-07-19,151.5,161.0,150.25,155.25,3007456.0,470921477.7
2021-07-20,155.55,156.15,146.9,148.95,1269915.0,191546175.8
2021-07-22,150.5,154.2,148.2,148.75,934664.0,141231581.65
2021-07-23,149.7,151.5,146.1,146.85,859312.0,127623690.1
2021-07-26,147.0,149.7,143.7,144.15,811516.0,118279857.95
2021-07-27,145.15,148.25,142.2,142.55,938177.0,135681483.4
2021-07-28,143.35,145.0,140.1,143.45,765670.0,109657892.6
2021-07-29,143.25,146.9,142.25,144.6,995589.0,144132357.3
2021-07-30,144.4,145.65,142.0,142.5,724502.0,104168772.95
2021-08-02,143.65,148.8,142.5,145.5,1694454.0,247393673.3
2021-08-03,146.0,148.65,143.05,143.45,892457.0,130042482.5
2021-08-04,144.35,145.5,139.5,140.9,830365.0,118030008.2
2021-08-05,141.5,142.5,138.0,139.45,634448.0,88742307.6
2021-08-06,144.0,147.9,142.5,143.9,1154411.0,167150840.6
2021-08-09,144.5,145.05,139.5,140.25,412224.0,58389987.5
2021-08-10,140.0,141.4,134.25,136.7,954134.0,131673373.05
2021-08-11,136.9,137.5,128.9,134.25,1088882.0,144226567.35
2021-08-12,135.0,141.85,135.0,138.5,807245.0,112193202.6
2021-08-13,138.1,139.45,134.0,135.0,445478.0,60888964.05
2021-08-16,135.0,139.0,134.6,135.85,647827.0,88572529.75
2021-08-17,135.5,138.75,132.5,133.4,588082.0,79854474.2
2021-08-18,133.95,134.75,132.15,132.7,290840.0,38805190.35
2021-08-20,131.2,132.75,125.05,127.4,537906.0,69660213.8
2021-08-23,128.5,130.0,121.05,122.8,512375.0,63844604.75
2021-08-24,123.6,128.45,122.7,127.9,485086.0,61145680.35
2021-08-25,128.1,131.5,127.9,128.3,418620.0,54184949.7
2021-08-26,128.9,128.9,125.1,125.6,364425.0,46265311.05
2021-08-27,125.05,128.35,124.85,125.8,330742.0,41895452.6
2021-08-30,126.25,128.3,123.8,125.0,671507.0,84345223.35
2021-08-31,125.95,136.0,124.45,133.95,1540987.0,202893919.3
2021-09-01,135.7,141.0,133.3,136.85,1808794.0,248527299.95
2021-09-02,136.55,138.9,134.1,135.3,828213.0,113161449.6
2021-09-03,135.9,139.9,135.1,135.75,768015.0,105422967.8
2021-09-06,136.6,139.45,134.95,135.6,664875.0,90929327.05
2021-09-07,135.9,136.45,132.0,132.45,558242.0,74620509.65
2021-09-08,132.9,134.9,131.65,132.6,335768.0,44712037.95
2021-09-09,132.7,134.5,131.1,131.45,346159.0,45900048.15
2021-09-13,132.3,134.8,131.1,132.1,393565.0,52187737.05
2021-09-14,132.95,142.5,132.4,139.7,2778835.0,386338026.65
2021-09-15,140.8,145.9,140.5,141.7,1856309.0,265320865.45
2021-09-16,142.0,142.8,136.6,136.85,1121670.0,156277731.8
2021-09-17,137.2,138.8,132.2,134.2,726147.0,98055446.95
2021-09-20,132.8,135.55,130.7,131.5,505124.0,67154328.75
2021-09-21,131.0,135.4,130.0,132.05,574635.0,75875048.6
2021-09-22,132.75,142.15,132.6,137.6,2253314.0,313006681.0
2021-09-23,139.0,150.95,138.65,148.65,7759468.0,1143688397.55
2021-09-24,150.45,152.7,140.6,142.65,3026064.0,445208913.9
2021-09-27,143.9,147.4,140.5,142.1,1151994.0,165109684.85
2021-09-28,142.8,145.0,138.35,140.75,1204023.0,170349896.6
2021-09-29,139.4,142.65,138.5,139.85,713930.0,100367248.7
2021-09-30,139.85,144.95,139.85,142.5,899785.0,128160878.8
2021-10-01,141.0,142.55,138.6,139.25,738434.0,103616298.15
2021-10-04,140.1,143.4,140.1,141.4,606269.0,85868348.55
2021-10-05,141.0,141.7,139.0,139.65,581622.0,81463164.85
2021-10-06,140.5,141.0,136.55,137.0,623299.0,86499062.25
2021-10-07,137.95,144.75,137.9,141.7,1417739.0,201902343.95
2021-10-08,143.0,143.0,139.05,139.5,457805.0,64435179.3
2021-10-11,140.0,141.5,138.6,139.15,633304.0,88654991.6
2021-10-12,139.15,142.1,138.25,138.95,615902.0,86076477.75
2021-10-13,139.35,144.8,139.1,140.45,1486980.0,211075437.1
2021-10-14,141.0,144.0,140.0,140.85,993451.0,141215799.15
2021-10-18,141.8,142.8,138.55,139.05,1038656.0,145506251.5
2021-10-19,140.0,151.95,139.15,144.55,6168170.0,911286674.55
2021-10-20,144.4,149.9,140.7,145.6,2297482.0,335984736.25
2021-10-21,146.5,149.0,142.8,144.25,1054192.0,153629578.65
2021-10-22,144.25,146.45,139.4,141.0,800672.0,113976917.0
2021-10-25,141.7,142.3,136.0,136.95,608034.0,84059782.45
2021-10-26,137.0,140.0,136.95,138.95,718650.0,99710931.0
2021-10-27,139.4,141.65,138.0,138.25,693533.0,96895473.65
2021-10-28,138.65,139.4,134.55,135.6,677071.0,92864419.0
2021-10-29,135.4,137.95,132.5,134.5,569180.0,77007772.3
2021-11-01,135.85,138.2,135.1,136.35,456406.0,62397798.0
2021-11-02,137.0,139.4,134.0,134.95,871092.0,118924487.0
2021-11-03,135.7,142.15,134.65,138.15,1152867.0,159976711.05
2021-11-04,139.5,145.9,139.0,143.9,1212159.0,173686273.8
2021-11-08,145.0,147.5,143.0,144.6,1153233.0,167047973.35
2021-11-09,145.0,155.7,144.15,152.25,4777739.0,724428737.3
2021-11-10,150.0,156.3,149.7,153.9,2984218.0,457960962.5
2021-11-11,154.5,154.9,149.0,150.7,1561937.0,236508449.35
2021-11-12,151.35,152.3,146.25,147.2,794365.0,118577059.4
2021-11-15,147.4,148.0,141.0,141.9,703420.0,101183989.8
2021-11-16,141.95,145.35,139.65,140.3,967910.0,137240295.75
2021-11-17,140.0,143.25,136.9,138.55,688230.0,96756737.8
2021-11-18,138.3,140.7,135.8,139.15,806046.0,111436160.45
2021-11-22,139.15,139.9,130.4,133.1,779635.0,104987090.85
2021-11-23,132.45,136.8,131.85,134.55,493624.0,66594256.25
2021-11-24,135.0,140.9,135.0,136.7,672279.0,92842800.95
2021-11-25,136.95,141.85,136.7,140.15,1027533.0,143560131.65
2021-11-26,139.0,139.4,133.55,134.35,620365.0,84499660.1
2021-11-29,135.0,135.05,130.1,130.35,559865.0,73831460.65
2021-11-30,131.0,134.75,130.5,130.85,486296.0,64413414.6
2021-12-01,132.0,134.3,131.45,133.6,315247.0,41844187.7
2021-12-02,133.0,134.15,130.65,132.6,434830.0,57497516.55
2021-12-03,132.6,134.75,132.3,132.6,325483.0,43454549.25
2021-12-06,133.1,134.5,131.35,131.75,378297.0,50284655.55
2021-12-07,132.95,134.6,132.1,133.1,374390.0,49940965.1
2021-12-08,134.8,135.7,133.4,133.9,415399.0,55800848.25
2021-12-09,134.6,137.4,133.15,135.75,744239.0,100871705.25
2021-12-10,136.0,139.75,135.05,137.35,601362.0,82500862.15
2021-12-13,138.0,139.55,135.2,135.6,526666.0,72367240.8
2021-12-14,134.85,136.05,133.5,134.15,328101.0,44133900.85
2021-12-15,134.05,135.55,133.5,133.65,332890.0,44669346.65
2021-12-16,134.6,134.95,131.65,132.55,298003.0,39611900.6
2021-12-17,132.0,132.45,127.25,128.0,632890.0,81995355.65
2021-12-20,127.8,127.8,122.65,123.7,723925.0,90504719.7
2021-12-21,124.95,129.0,124.0,125.5,411862.0,52125706.3
2021-12-22,126.4,128.0,123.95,125.95,429876.0,54169961.75
2021-12-23,127.0,131.2,127.0,128.5,522724.0,67542354.15
2021-12-24,129.4,129.7,122.2,123.95,642686.0,80421760.0
2021-12-27,124.4,126.8,123.0,125.15,416443.0,52105846.55
2021-12-28,125.9,127.85,125.7,126.4,366773.0,46484644.35
2021-12-29,126.8,128.2,125.55,125.85,365943.0,46417978.9
2021-12-30,125.85,126.7,124.0,124.5,401721.0,50395972.8
2021-12-31,125.5,130.5,125.0,127.8,621922.0,79639222.75
2022-01-03,127.8,135.45,126.45,132.7,1081429.0,143685363.8
2022-01-04,133.8,134.85,129.7,130.35,400744.0,52779473.75
2022-01-05,130.95,131.95,129.15,130.1,458454.0,59847114.1
2022-01-06,129.0,131.2,128.55,129.55,485438.0,63006954.1
2022-01-07,130.2,131.8,128.65,129.1,478657.0,62225677.55
2022-01-10,129.75,135.6,129.45,133.5,1432459.0,190695502.65
2022-01-11,134.6,139.5,132.1,136.3,1760424.0,240168779.75
2022-01-12,137.8,141.0,136.25,137.65,1214559.0,167575955.2
2022-01-13,139.0,139.4,135.5,137.9,933315.0,128319223.1
2022-01-14,138.5,140.0,135.5,136.1,1063789.0,145620844.7
2022-01-17,136.45,140.9,136.45,137.6,1319085.0,182280654.45
2022-01-18,139.95,163.8,138.85,154.15,20280728.0,3106416370.0
2022-01-19,153.9,165.9,152.0,157.75,13636355.0,2180304387.4
2022-01-20,156.5,157.3,151.65,152.4,3407497.0,525371507.8
2022-01-21,150.95,154.45,142.2,144.45,3322024.0,493111358.35
2022-01-24,144.45,145.5,130.2,132.6,3115957.0,423420434.8
2022-01-25,132.0,138.45,128.6,135.7,2193884.0,295583584.1
2022-01-27,133.0,138.25,132.0,134.65,1374622.0,185679655.95
2022-01-28,136.0,142.15,135.3,136.4,2018848.0,280277378.15
2022-01-31,137.8,141.3,136.3,136.75,1297057.0,179573371.45
2022-02-01,137.9,139.5,134.15,136.85,1036726.0,142289182.45
2022-02-02,137.7,142.3,136.6,137.15,1455842.0,202159190.85
2022-02-03,137.6,138.7,134.6,135.5,951295.0,130200724.6
2022-02-04,136.3,136.95,132.9,133.75,836258.0,112838576.0
2022-02-07,133.35,134.8,130.5,131.1,1788921.0,235968716.4
2022-02-08,132.0,132.75,125.65,128.6,1274730.0,164096139.85
2022-02-09,129.7,133.25,127.8,129.45,1106505.0,144267855.1
2022-02-10,130.0,130.9,128.1,128.85,704457.0,91335167.95
2022-02-11,128.75,129.8,126.85,127.65,702369.0,89960615.25
2022-02-14,125.5,125.7,119.6,120.8,1168459.0,143645144.75
2022-02-15,121.25,123.5,116.5,120.85,1457037.0,173952091.25
2022-02-16,122.95,124.5,122.0,122.85,734005.0,90466665.1
2022-02-17,123.5,124.55,120.7,121.05,514476.0,62918961.95
2022-02-18,121.0,122.2,119.65,120.25,452693.0,54688329.8
2022-02-21,119.1,119.75,113.55,114.45,1014168.0,117179670.55
2022-02-22,111.3,112.45,109.15,111.0,923108.0,102394733.4
2022-02-23,111.8,114.4,106.0,111.35,819532.0,92006551.1
2022-02-24,105.5,106.9,99.05,99.9,1936083.0,198471785.7
2022-02-25,103.1,107.0,102.0,105.0,1333978.0,139374664.4
2022-02-28,104.0,109.0,102.6,108.5,903915.0,96152706.65
2022-03-02,108.0,111.3,106.55,108.65,676985.0,73933845.45
2022-03-03,109.7,111.45,107.15,107.75,514781.0,56195903.2
2022-03-04,104.4,107.95,104.4,105.6,570219.0,60464517.55
2022-03-07,102.0,103.5,100.4,101.85,708256.0,72073036.6
2022-03-08,103.0,108.0,102.65,106.0,580079.0,60537343.6
2022-03-09,106.2,116.8,106.0,113.3,2214517.0,250196381.6
2022-03-10,116.0,122.0,114.35,117.7,2131817.0,251822279.75
2022-03-11,118.0,119.85,114.25,116.2,998717.0,116856336.6
2022-03-14,117.0,117.25,113.3,113.85,661093.0,75554512.55
2022-03-15,114.9,118.6,111.55,112.0,1074735.0,123212263.4
2022-03-16,114.15,114.5,112.5,113.05,500487.0,56761484.85
2022-03-17,114.6,126.5,111.9,122.15,6450556.0,778738193.75
2022-03-21,125.65,128.0,122.5,123.85,1958112.0,244193630.2
2022-03-22,123.7,124.8,120.9,122.3,1246685.0,153194971.35
2022-03-23,122.95,124.65,121.1,121.4,762965.0,93448117.9
2022-03-24,121.0,124.0,120.55,121.0,929148.0,113115813.8
2022-03-25,122.4,122.75,117.65,118.15,1210611.0,145004660.6
2022-03-28,118.3,118.85,114.0,114.65,1159843.0,134301671.0
2022-03-29,115.05,119.6,113.4,114.3,1637708.0,190647932.7
2022-03-30,115.9,117.8,115.15,115.7,871258.0,101358640.05
2022-03-31,116.3,118.75,114.1,114.35,905060.0,104833442.7
2022-04-01,115.2,121.3,114.85,120.15,1097875.0,130482994.35
2022-04-04,120.35,125.95,120.2,125.0,1712577.0,210986543.3
2022-04-05,126.0,127.4,123.55,124.3,1074098.0,134668283.65
2022-04-06,123.0,128.4,123.0,125.3,1190357.0,150175993.25
2022-04-07,126.2,132.35,125.8,126.6,1997314.0,257499436.65
2022-04-08,127.45,129.05,124.1,125.7,1010863.0,127725121.95
2022-04-11,125.6,127.95,125.2,125.8,577391.0,72939692.95
2022-04-12,125.0,125.6,121.9,123.1,592329.0,73073077.45
2022-04-13,124.0,125.3,122.5,123.15,625294.0,77258833.95
2022-04-18,122.0,124.6,119.9,120.85,600934.0,72988070.25
2022-04-19,121.8,124.8,118.7,120.0,794774.0,97073057.05
2022-04-20,120.35,121.5,118.6,118.95,569416.0,68275285.65
2022-04-21,120.0,122.65,120.0,121.35,398154.0,48312248.0
2022-04-22,120.85,122.7,115.25,118.9,611437.0,73446653.65
2022-04-25,118.0,119.15,116.0,116.45,587697.0,68874900.1
2022-04-26,118.0,119.0,115.75,117.65,495923.0,58161590.1
2022-04-27,117.0,122.0,115.0,118.05,861567.0,100977592.65
2022-04-28,119.1,119.25,115.25,116.8,443716.0,51807307.65
2022-04-29,117.4,119.6,115.0,115.35,651810.0,76354706.4
2022-05-02,115.0,116.8,114.0,115.8,441761.0,51030443.25
2022-05-04,117.05,117.5,113.6,114.6,518321.0,59693341.1
2022-05-05,115.0,117.25,113.8,114.35,533414.0,61582823.0
2022-05-06,113.0,113.0,109.05,110.4,496475.0,54827160.85
2022-05-09,109.0,109.2,104.8,107.15,535101.0,57002685.15
2022-05-10,106.0,110.3,104.05,105.85,505324.0,54549261.6
2022-05-11,107.0,107.5,101.1,102.75,746787.0,77123603.2
2022-05-12,102.4,103.2,101.0,102.05,383601.0,39119502.3
2022-05-13,103.55,106.65,102.2,102.75,389473.0,40705654.8
2022-05-16,103.2,105.95,102.35,103.25,325160.0,33782554.6
2022-05-17,103.9,107.95,103.8,106.9,594173.0,62981598.3
2022-05-18,107.5,109.3,105.15,105.7,371152.0,39705951.55
2022-05-19,103.25,104.95,101.5,102.7,326371.0,33738470.15
2022-05-20,104.1,107.7,104.1,105.8,357981.0,37843850.5
2022-05-23,106.15,109.0,105.0,105.25,375461.0,40161019.85
2022-05-24,106.0,106.35,102.8,103.5,314089.0,32755977.85
2022-05-25,105.0,105.0,98.85,99.25,450646.0,45357516.45
2022-05-26,100.05,100.85,95.0,99.75,673551.0,66002589.15
2022-05-27,99.55,106.9,99.55,102.55,1487650.0,153783491.8
2022-05-30,104.1,104.5,102.65,103.8,382745.0,39677071.2
2022-05-31,103.6,106.1,102.5,102.8,703927.0,73315898.75
2022-06-01,104.0,113.2,103.55,110.3,3417697.0,376571485.45
2022-06-02,110.65,113.75,109.0,110.9,1178901.0,131667708.15
2022-06-03,112.45,116.0,109.3,110.3,1361487.0,153655006.2
2022-06-06,112.7,121.3,111.75,118.95,3607404.0,420860787.3
2022-06-07,118.5,125.8,116.1,122.95,4803431.0,588740493.45
2022-06-08,122.9,123.6,118.6,119.7,1283088.0,155389460.25
2022-06-09,118.55,124.2,117.6,118.55,1887110.0,228967329.95
2022-06-10,117.3,119.25,114.95,115.75,797422.0,93474953.95
2022-06-13,113.1,114.2,108.5,109.35,730107.0,81472914.9
2022-06-14,109.0,112.25,105.5,106.5,912203.0,98655408.0
2022-06-15,107.0,107.1,104.25,104.85,436018.0,46031423.5
2022-06-16,106.2,106.25,100.1,102.25,824084.0,84865125.7
2022-06-17,101.0,104.4,100.1,102.25,674004.0,69058249.5
2022-06-20,103.8,103.8,98.05,99.25,775615.0,77390596.0
2022-06-21,100.75,105.75,100.75,105.3,559602.0,58054774.3
2022-06-22,104.1,108.3,103.8,107.3,1282590.0,135709657.55
2022-06-23,107.1,107.15,103.5,104.1,392544.0,41279923.35
2022-06-24,105.0,107.5,103.75,105.0,1099054.0,116452608.15
2022-06-27,107.9,108.0,105.9,106.7,399447.0,42694654.8
2022-06-28,106.0,107.4,105.0,105.45,428730.0,45492498.05
2022-06-29,105.0,111.75,104.3,106.3,2775672.0,299531483.65
2022-06-30,106.15,108.75,104.25,105.3,545658.0,58128880.9
2022-07-01,105.85,106.0,102.75,105.1,462015.0,48268482.1
2022-07-04,105.0,106.0,104.3,105.15,353171.0,37167559.5
2022-07-05,105.7,106.4,105.0,105.5,484411.0,51256638.65
2022-07-06,105.95,105.95,104.0,105.05,265766.0,27845106.75
2022-07-07,106.1,106.65,104.45,105.05,445749.0,47038814.3
2022-07-08,105.35,106.15,104.8,104.95,535067.0,56422665.45
2022-07-11,104.4,106.4,104.1,105.35,637871.0,67401416.5
2022-07-12,105.35,106.0,103.8,104.75,591021.0,62137819.65
2022-07-13,104.75,105.95,103.1,103.45,522328.0,54542755.65
2022-07-14,104.1,104.4,102.35,103.05,235256.0,24311288.3
2022-07-15,103.25,104.4,102.2,103.1,248981.0,25644285.35
2022-07-18,103.9,105.9,103.75,104.8,444354.0,46570519.55
2022-07-19,104.55,106.05,104.0,105.55,833173.0,88130792.9
2022-07-20,106.0,107.05,104.1,105.0,745182.0,78782313.7
2022-07-21,104.05,106.05,104.05,105.9,533489.0,56434657.65
2022-07-22,106.2,106.6,104.1,104.45,460568.0,48467698.8
2022-07-25,105.3,105.3,103.6,104.25,219058.0,22837864.1
2022-07-26,103.9,105.95,103.7,104.05,508024.0,53317264.6
2022-07-27,104.9,104.9,103.5,103.8,209311.0,21764623.75
2022-07-28,104.8,105.95,103.8,104.65,512096.0,53735443.6
2022-07-29,105.45,106.05,104.85,105.55,733034.0,77484694.85
2022-08-01,106.2,106.5,105.25,106.15,1886511.0,200115732.55
2022-08-02,106.1,107.0,105.15,105.5,2956945.0,313523220.7
2022-08-03,106.45,109.85,104.25,105.95,4040877.0,428832858.15
2022-08-04,106.35,106.75,101.05,101.9,1587139.0,163901417.05
2022-08-05,102.5,102.65,101.15,101.7,889053.0,90515432.5
2022-08-08,103.0,103.0,100.75,101.7,485475.0,49364715.65
2022-08-10,101.7,102.25,100.0,100.15,582937.0,58637356.9
2022-08-11,101.45,102.0,100.0,100.35,412081.0,41557287.55
2022-08-12,100.85,102.8,100.4,100.5,645100.0,65461610.9
2022-08-16,101.4,104.5,100.75,103.1,802320.0,82550488.85
2022-08-17,103.0,103.7,101.05,101.6,632527.0,64536654.35
2022-08-18,102.45,106.1,102.4,104.85,2407797.0,253496704.4
2022-08-19,105.45,105.9,102.35,104.45,810374.0,84642343.45
2022-08-22,104.35,104.35,101.8,102.25,318568.0,32653347.0
2022-08-23,101.65,102.95,101.1,102.35,429773.0,43883439.6
2022-08-24,102.1,103.9,102.1,102.85,361378.0,37283350.2
2022-08-25,103.4,109.7,103.25,104.55,2983608.0,316505441.45
2022-08-26,105.25,106.0,103.85,104.55,882075.0,92453417.25
2022-08-29,102.0,104.5,101.8,103.05,689984.0,71088314.65
2022-08-30,103.45,106.65,103.45,104.8,1941370.0,205012775.35
2022-09-01,104.0,106.0,103.3,105.05,1034332.0,108700324.45
2022-09-02,105.5,109.55,104.8,104.95,2307785.0,245674713.3
2022-09-05,105.65,106.0,104.0,104.5,1062654.0,111415766.45
2022-09-06,105.0,106.9,103.7,104.05,1131975.0,118911740.05
2022-09-07,103.9,106.25,103.7,106.1,2191133.0,231542873.2
2022-09-08,106.95,107.7,104.8,105.3,1341106.0,141850800.3
2022-09-09,105.9,105.9,103.8,104.35,1045589.0,109346990.3
2022-09-12,105.05,105.9,104.15,104.55,653695.0,68541534.3
2022-09-13,105.05,105.45,104.1,104.2,646520.0,67592531.55
2022-09-14,103.2,105.25,103.1,103.55,1010552.0,105052580.15
2022-09-15,104.2,104.2,103.1,103.2,540886.0,55968242.0
2022-09-16,103.2,103.5,101.05,101.8,1319230.0,134635757.2
2022-09-19,102.0,102.5,101.0,101.2,416347.0,42227813.5
2022-09-20,102.0,104.0,101.7,102.3,663129.0,68073404.85
2022-09-21,102.8,102.8,100.6,101.1,636425.0,64549546.9
2022-09-22,101.0,101.7,100.0,100.45,594959.0,59861992.35
2022-09-23,100.0,100.45,97.0,97.15,1083933.0,106537878.7
2022-09-26,96.9,97.15,92.1,93.2,788044.0,73761481.45
2022-09-27,95.0,97.2,92.6,95.45,659008.0,62586656.85
2022-09-28,94.0,96.0,93.25,94.1,530441.0,50098420.4
2022-09-29,95.0,96.9,93.5,94.35,499761.0,47504605.6
2022-09-30,94.05,96.35,92.75,94.45,502111.0,47369100.35
2022-10-03,94.3,95.9,92.05,92.75,511105.0,47929575.85
2022-10-04,93.95,94.85,92.7,93.55,402504.0,37654535.95
2022-10-06,94.55,100.5,94.45,97.75,1113560.0,109224753.95
2022-10-07,100.9,104.25,99.6,101.6,2273146.0,232535208.25
2022-10-10,100.4,100.9,99.8,100.2,365681.0,36700802.55
2022-10-11,100.45,100.8,97.55,98.05,372482.0,36826860.8
2022-10-12,98.3,99.8,96.0,97.25,426515.0,41612210.9
2022-10-13,97.0,97.25,95.05,95.5,286310.0,27477396.8
2022-10-14,96.4,97.9,95.75,96.1,219023.0,21135770.0
2022-10-17,96.55,96.9,94.8,95.85,154976.0,14870570.4
2022-10-18,96.15,97.75,95.85,96.25,222772.0,21547105.45
2022-10-19,96.75,96.95,94.5,94.9,216955.0,20756347.9
2022-10-20,95.8,95.8,93.95,94.8,265418.0,25145396.85
2022-10-21,95.25,95.9,93.7,94.3,277731.0,26237820.55
2022-10-24,94.55,95.8,94.55,95.3,87594.0,8347297.25
2022-10-25,95.0,95.75,94.3,94.65,147771.0,14004783.45
2022-10-27,94.75,96.25,94.5,94.9,199761.0,19012431.05
2022-10-28,95.1,95.45,94.15,94.55,253659.0,24038906.85
2022-10-31,95.05,95.7,94.5,95.25,265991.0,25285419.75
2022-11-01,95.5,98.8,95.05,97.2,523239.0,50855657.6
2022-11-02,97.65,99.65,97.25,97.65,663957.0,65350910.8
2022-11-03,96.9,98.8,96.65,96.9,276388.0,26922111.15
2022-11-04,97.1,98.9,97.0,97.5,331394.0,32429724.55
2022-11-07,98.0,98.5,96.2,97.2,437638.0,42609348.75
2022-11-09,98.2,98.65,96.2,96.35,338383.0,32804200.5
2022-11-10,96.4,96.65,95.0,95.2,251683.0,24022041.9
2022-11-11,96.25,96.4,95.1,95.35,317814.0,30406028.9
2022-11-14,95.6,95.85,94.75,95.25,246656.0,23471816.65
2022-11-15,95.5,97.65,95.25,96.25,625181.0,60016278.1
2022-11-16,96.5,98.5,95.6,95.85,487247.0,47022675.1
2022-11-17,96.1,96.85,95.5,95.85,336967.0,32351396.95
2022-11-18,96.35,96.55,95.75,96.15,202119.0,19424688.45
2022-11-21,96.6,96.7,95.35,95.9,279184.0,26820824.85
2022-11-22,95.6,96.3,95.1,95.45,253247.0,24217241.95
2022-11-23,95.7,97.25,95.25,95.8,338320.0,32518332.4
2022-11-24,96.05,103.2,96.0,100.5,2470305.0,249845760.0
2022-11-25,101.05,102.0,97.65,97.85,970606.0,96249098.7
2022-11-28,98.0,99.75,97.25,97.65,616197.0,60588403.45
2022-11-29,97.6,99.55,96.6,96.75,567158.0,55329933.8
2022-11-30,97.25,101.6,96.0,97.0,1394618.0,137048464.95
2022-12-01,98.45,99.3,96.8,97.1,1262602.0,123316731.3
2022-12-02,97.55,103.45,97.3,102.85,3260819.0,330243281.25
2022-12-05,104.7,114.8,104.0,113.25,12452069.0,1389193919.95
2022-12-06,113.95,116.0,113.35,114.35,3267664.0,374482963.2
2022-12-07,114.2,114.9,108.6,111.2,2205745.0,245669766.95
2022-12-08,111.65,112.4,109.25,110.35,894642.0,98999429.65
2022-12-09,110.9,113.2,107.0,108.1,1130298.0,124466531.4
2022-12-12,107.65,111.75,106.4,110.75,1439508.0,158622383.55
2022-12-13,111.35,113.6,110.4,111.4,920958.0,103029555.65
2022-12-14,111.9,112.95,109.6,110.2,723680.0,80560653.5
2022-12-15,110.2,115.9,110.2,112.8,2904982.0,330975911.35
2022-12-16,112.05,115.9,111.05,113.1,1471958.0,166701339.25
2022-12-19,113.8,119.35,112.2,118.0,3485299.0,407623189.7
2022-12-20,118.0,119.9,115.6,117.1,2369701.0,279332660.75
2022-12-21,118.0,118.5,109.8,110.45,1720959.0,196597619.65
2022-12-22,111.65,112.4,107.1,108.5,1439147.0,156558030.2
2022-12-23,107.0,108.1,96.1,98.8,1939702.0,197108710.5
2022-12-26,99.7,105.75,99.55,104.05,1160226.0,120141270.65
2022-12-27,105.9,110.0,105.25,109.1,1517586.0,163764983.7
2022-12-28,109.6,111.5,108.5,109.45,980193.0,107787501.4
2022-12-29,109.3,109.3,107.2,108.1,304273.0,32864830.45
2022-12-30,109.0,111.4,107.05,107.95,572147.0,62538827.95
2023-01-02,109.0,111.45,108.6,110.2,593329.0,65256067.15
2023-01-03,110.0,114.9,110.0,112.65,1673044.0,188970046.15
2023-01-04,113.4,113.65,109.2,110.05,740555.0,82240300.4
2023-01-05,110.7,110.8,107.55,108.45,654185.0,71453020.45
2023-01-06,109.05,111.8,106.75,107.4,1060401.0,115736426.3
2023-01-09,108.25,109.15,107.0,107.4,462844.0,50023841.95
2023-01-10,107.75,107.75,105.15,105.65,334663.0,35533880.35
2023-01-11,105.8,107.4,105.45,105.9,553144.0,58806111.35
2023-01-12,106.7,106.7,105.25,106.0,211274.0,22377999.45
2023-01-13,106.9,106.9,105.05,106.0,265270.0,28125669.4
2023-01-16,106.1,107.1,104.0,104.4,422454.0,44508552.45
2023-01-17,104.75,105.0,103.2,103.85,340895.0,35465366.75
2023-01-18,104.75,106.5,104.0,105.4,359324.0,37886248.65
2023-01-19,104.0,106.3,104.0,104.1,265511.0,27788877.6
2023-01-20,104.4,105.4,103.5,103.65,225338.0,23511935.45
2023-01-23,103.85,104.1,102.1,102.55,272380.0,28102621.5
2023-01-24,102.8,103.75,101.9,102.45,237398.0,24327223.4
2023-01-25,102.6,102.6,100.65,101.05,274394.0,27806336.6
2023-01-27,101.3,102.05,99.05,99.8,479818.0,47992263.45
2023-01-30,98.2,100.8,98.05,98.3,375521.0,37079843.65
2023-01-31,100.0,101.75,99.1,101.15,382158.0,38349418.05
2023-02-01,101.5,102.4,97.2,97.8,504979.0,50456654.95
2023-02-02,97.05,99.45,97.05,97.95,277831.0,27332216.9
2023-02-03,97.8,99.75,97.05,99.0,526471.0,51601098.1
2023-02-06,99.9,100.2,98.4,99.25,269144.0,26679933.6
2023-02-07,99.95,99.95,98.0,98.3,202737.0,19970152.6
2023-02-08,98.3,99.35,98.1,98.8,238141.0,23483503.6
2023-02-09,99.05,104.8,98.7,101.75,383588.0,38501398.95
2023-02-10,104.75,105.65,102.55,103.1,479061.0,49696415.6
2023-02-13,101.25,102.35,98.3,98.55,344517.0,34190238.6
2023-02-14,98.7,99.65,97.75,98.25,284252.0,27979448.05
2023-02-15,98.25,99.2,98.0,98.75,226479.0,22312024.85
2023-02-16,99.25,99.9,98.25,98.5,292994.0,28992811.9
2023-02-17,98.5,99.0,97.3,97.6,332050.0,32548137.55
2023-02-20,97.2,98.9,97.05,97.3,311224.0,30381819.05
2023-02-21,97.4,98.0,97.05,97.1,293040.0,28531233.6
2023-02-22,96.2,98.0,96.1,96.55,232014.0,22353140.3
2023-02-23,96.6,96.75,95.5,95.95,282867.0,27137040.2
2023-02-24,96.6,96.75,95.25,95.45,187191.0,17908949.55
2023-02-27,95.45,95.9,94.3,94.5,369857.0,35119301.8
2023-02-28,95.25,95.45,92.8,93.45,336926.0,31576831.9
2023-03-01,94.3,95.25,93.05,93.55,214706.0,20223092.0
2023-03-02,93.9,94.65,93.5,93.7,267839.0,25165862.25
2023-03-03,94.5,95.6,94.35,94.6,322727.0,30584856.4
2023-03-06,95.4,96.85,94.5,94.75,454369.0,43198956.85
2023-03-08,94.4,95.5,94.1,94.6,322330.0,30577403.7
2023-03-09,94.95,95.8,93.75,93.9,340438.0,32258683.1
2023-03-10,93.25,95.45,92.8,93.65,393949.0,37038291.7
2023-03-13,93.65,94.0,91.3,91.6,599612.0,55161990.0
2023-03-14,91.95,92.35,90.75,90.9,268076.0,24440100.55
2023-03-15,91.55,92.25,88.1,88.85,377224.0,34021064.05
2023-03-16,88.1,89.6,87.7,88.6,363485.0,32175527.55
2023-03-17,90.45,90.55,88.55,89.3,313822.0,28068202.15
2023-03-20,89.0,89.0,86.95,87.55,675322.0,59054340.2
2023-03-21,88.45,89.6,86.6,87.65,492705.0,43159134.9
2023-03-22,88.45,93.5,88.45,91.4,787144.0,72293440.7
2023-03-23,91.75,93.2,89.2,89.55,402290.0,36533931.4
2023-03-24,88.9,89.75,86.6,86.7,353372.0,30980538.55
2023-03-27,86.7,87.8,83.1,83.9,801044.0,68024058.0
2023-03-28,83.9,84.85,81.1,81.4,835640.0,68897409.1
2023-03-29,81.9,82.85,79.9,81.4,1167822.0,94981370.25
2023-03-31,81.75,85.0,81.75,82.35,784407.0,65366207.8
2023-04-03,83.0,87.9,82.8,87.35,952433.0,81996498.4
2023-04-05,88.4,88.75,87.15,88.0,422174.0,37116984.2
2023-04-06,88.0,91.5,87.45,90.55,594331.0,53323164.6
2023-04-10,91.15,92.75,90.15,92.1,505421.0,46414819.8
2023-04-11,93.7,93.7,91.0,91.25,211127.0,19422430.95
2023-04-12,91.45,92.05,89.15,89.75,308046.0,27873567.0
2023-04-13,89.55,91.3,89.25,90.5,327712.0,29645330.05
2023-04-17,90.45,91.0,89.15,89.3,320781.0,28871972.05
2023-04-18,89.35,93.7,89.35,93.1,1214570.0,112522431.75
2023-04-19,94.4,95.0,91.8,92.3,621870.0,58102861.8
2023-04-20,92.3,92.8,91.25,91.5,159184.0,14600505.8
2023-04-21,92.25,92.25,89.6,90.6,244987.0,22181935.9
2023-04-24,90.8,92.45,89.65,90.05,386277.0,35056041.45
2023-04-25,90.1,91.45,89.6,89.95,346882.0,31369536.7
2023-04-26,90.5,91.3,90.0,90.55,319447.0,28922289.5
2023-04-27,90.9,95.5,90.45,93.75,1199501.0,112395850.5
2023-04-28,94.0,94.65,93.0,93.35,253083.0,23739278.65
2023-05-02,93.8,97.2,93.65,95.55,729873.0,69756845.75
2023-05-03,95.45,96.5,94.75,95.25,369254.0,35303897.4
2023-05-04,95.3,97.4,94.15,94.85,578281.0,55485322.75
2023-05-05,95.1,95.35,93.4,94.15,328327.0,30982648.85
2023-05-08,93.95,95.8,93.9,94.95,288576.0,27428147.0
2023-05-09,95.0,95.65,93.7,93.95,266741.0,25193652.8
2023-05-10,94.4,94.4,92.65,93.15,210625.0,19662018.1
2023-05-11,93.15,94.8,93.1,93.35,200847.0,18822747.55
2023-05-12,93.8,94.0,91.95,92.2,245358.0,22764945.4
2023-05-15,92.4,97.5,91.35,96.1,1193942.0,113817859.75
2023-05-16,97.0,97.65,94.6,94.8,425626.0,40878776.75
2023-05-17,95.0,95.3,92.95,93.7,361652.0,34021429.9
2023-05-18,93.9,94.7,92.6,92.75,289457.0,27081847.4
2023-05-19,92.35,93.6,91.85,93.1,311943.0,28938020.9
2023-05-22,93.05,93.7,92.3,92.7,208325.0,19379038.2
2023-05-23,92.7,94.6,92.7,93.15,260288.0,24381363.7
2023-05-24,93.0,94.1,92.6,92.85,206229.0,19241140.1
2023-05-25,92.7,93.7,92.15,92.6,152533.0,14180427.3
2023-05-26,92.9,94.2,92.45,93.8,281158.0,26296940.2
2023-05-29,94.6,95.6,93.3,94.15,277079.0,26133550.5
2023-05-30,93.1,96.8,93.1,95.0,583052.0,55635621.8
2023-05-31,94.05,96.25,94.05,95.7,322436.0,30800829.35
2023-06-01,95.9,96.7,95.75,96.05,280058.0,26955778.45
2023-06-02,96.05,102.45,95.85,99.85,3177376.0,317790982.55
2023-06-05,100.9,102.4,99.3,99.9,734004.0,73784502.7
2023-06-06,100.3,100.75,98.5,98.7,386083.0,38411461.95
2023-06-07,99.15,101.15,97.7,98.6,606706.0,60179942.4
2023-06-08,98.9,100.4,98.0,98.15,347247.0,34366224.6
2023-06-09,98.55,98.8,97.5,97.6,268968.0,26364653.1
2023-06-12,97.1,98.5,97.1,97.5,280527.0,27375971.15
2023-06-13,97.95,100.2,97.4,98.55,553002.0,54715591.7
2023-06-14,99.3,101.0,98.5,98.85,531500.0,52980310.55
2023-06-15,98.6,99.8,97.15,97.6,381798.0,37600089.7
2023-06-16,98.05,100.5,97.95,98.45,545256.0,54037522.75
2023-06-19,98.45,100.2,98.45,99.45,368187.0,36609061.85
2023-06-20,98.6,100.05,98.2,98.4,520727.0,51627362.05
2023-06-21,98.7,100.5,97.8,98.5,1042572.0,103731052.45
2023-06-22,98.6,99.95,97.55,97.85,430177.0,42391991.35
2023-06-23,98.35,98.35,96.1,96.3,308314.0,29788686.55
2023-06-26,96.3,97.35,96.2,96.65,215559.0,20835264.0
2023-06-27,96.9,98.05,96.3,96.6,263814.0,25618100.35
2023-06-28,97.15,102.95,96.75,102.2,2642853.0,266501634.65
2023-06-30,103.25,106.95,102.55,105.1,2945116.0,309916390.95
2023-07-03,105.1,113.9,102.0,111.65,6656460.0,736222106.05
2023-07-04,113.65,114.45,108.6,109.75,2534788.0,284214561.55
2023-07-05,110.7,112.75,109.75,112.05,1754415.0,195276246.5
2023-07-06,111.25,114.25,105.2,106.9,3164024.0,347596771.1
2023-07-07,106.8,106.9,102.6,103.75,1332618.0,139076080.1
2023-07-10,104.35,104.95,102.55,104.25,691567.0,71798825.75
2023-07-11,105.3,106.9,104.6,104.85,814499.0,86153627.35
2023-07-12,104.85,105.25,102.3,102.65,593042.0,61420093.05
2023-07-13,103.35,103.35,100.1,100.8,1122592.0,114100430.0
2023-07-14,101.85,101.85,99.0,99.95,645324.0,64471001.35
2023-07-17,100.0,101.45,99.1,99.45,969867.0,96991130.5
2023-07-18,100.4,100.4,98.3,98.6,624788.0,62021727.1
2023-07-19,98.8,100.1,98.8,99.95,571482.0,56919366.5
2023-07-20,100.25,100.8,99.4,99.75,309785.0,30918082.95
2023-07-21,99.9,105.6,99.6,104.9,2311974.0,240866437.4
2023-07-24,106.1,108.6,105.55,106.35,1242285.0,132890182.1
2023-07-25,106.7,107.25,103.8,104.8,587334.0,61880449.4
2023-07-26,105.0,105.25,103.4,104.0,364560.0,38048254.05
2023-07-27,104.0,106.95,103.2,105.85,914270.0,95845599.05
2023-07-28,106.65,109.9,106.35,107.95,1134764.0,122943566.45
2023-07-31,108.4,109.15,107.2,107.7,833770.0,90089826.15
2023-08-01,108.0,114.9,108.0,113.8,4280105.0,480649345.0
2023-08-02,113.8,115.95,109.1,111.0,2895458.0,326209199.05
2023-08-03,111.8,113.8,109.2,110.35,1151417.0,128143754.95
2023-08-04,111.75,113.35,110.45,110.85,835511.0,93424873.3
2023-08-07,110.0,114.9,109.5,112.7,1656013.0,186799147.85
2023-08-08,113.2,113.35,110.7,111.05,583556.0,65303945.3
2023-08-09,110.6,112.4,108.9,109.55,1004714.0,110928852.3
2023-08-10,110.9,115.4,109.95,113.25,3112690.0,353805345.8
2023-08-11,114.15,114.85,110.8,111.6,1017756.0,114098675.3
2023-08-14,111.0,111.0,107.2,108.3,924784.0,100606948.15
2023-08-16,108.35,111.0,107.45,108.5,621851.0,67832016.3
2023-08-17,108.75,115.35,107.8,114.65,2817288.0,318583064.75
2023-08-18,114.0,123.2,114.0,122.35,11578930.0,1391131951.6
2023-08-21,124.0,126.75,122.8,124.95,4903026.0,611443485.95
2023-08-22,125.3,125.4,120.15,120.5,2854699.0,347327603.5
2023-08-23,121.5,123.3,120.15,120.75,1440716.0,175625935.95
2023-08-24,121.65,122.7,118.3,118.6,1291438.0,155278929.35
2023-08-25,118.05,120.3,115.4,115.8,1377406.0,161478740.5
2023-08-28,116.85,118.4,115.75,116.4,868556.0,101503210.45
2023-08-29,116.95,121.2,116.9,119.8,1917119.0,229564422.0
2023-08-30,120.9,121.2,118.55,118.95,821507.0,98311257.55
2023-08-31,119.9,119.9,116.95,117.75,636044.0,75173817.15
2023-09-01,119.7,120.5,116.95,118.3,869464.0,102841356.75
2023-09-04,118.85,123.8,118.4,122.45,2619404.0,318938910.8
2023-09-05,123.3,123.7,119.25,120.45,1105281.0,133853252.5
2023-09-06,121.45,124.9,120.25,122.65,2034605.0,250476674.8
2023-09-07,122.25,125.7,122.25,122.8,1612224.0,199706679.6
2023-09-08,123.75,123.95,121.6,122.05,780507.0,95528350.4
2023-09-11,123.0,124.0,120.75,121.15,787076.0,95900191.05
2023-09-12,121.2,122.05,112.25,112.75,1928394.0,222619673.0
2023-09-13,113.7,117.8,112.35,116.6,977910.0,112710203.3
2023-09-14,118.8,120.65,117.0,117.5,881822.0,104528189.55
2023-09-15,118.4,119.8,116.45,117.85,632899.0,74758094.4
2023-09-18,117.85,122.9,117.7,120.6,1569500.0,189622082.95
2023-09-20,120.15,122.5,119.1,120.35,880875.0,106637468.65
2023-09-21,119.7,121.8,117.65,119.0,755838.0,90603421.1
2023-09-22,119.1,120.05,117.25,117.85,487319.0,57716253.85
2023-09-25,119.05,122.6,117.75,120.55,1711719.0,206844847.45
2023-09-26,120.35,121.0,118.9,119.6,473055.0,56666081.75
2023-09-27,119.1,120.25,118.0,119.0,477501.0,56961508.9
2023-09-28,119.15,119.15,115.4,115.6,952427.0,111272622.9
2023-09-29,116.5,117.75,115.4,116.5,481257.0,56047684.55
2023-10-03,115.65,116.25,115.1,115.3,345584.0,39966032.1
2023-10-04,114.65,114.95,112.6,113.15,497124.0,56532825.95
2023-10-05,113.2,115.55,113.2,113.95,412907.0,47220692.5
2023-10-06,114.35,115.95,113.8,114.5,413380.0,47402560.5
2023-10-09,113.5,113.5,109.6,110.2,647810.0,71922965.5
2023-10-10,110.5,119.8,110.5,118.8,2487985.0,290698352.05
2023-10-11,119.1,122.95,119.1,120.55,2148563.0,260287016.2
2023-10-12,121.45,124.8,119.1,122.6,2094364.0,256504918.1
2023-10-13,122.0,133.45,121.05,127.75,9177821.0,1189395841.2
2023-10-16,128.6,129.55,124.3,125.15,1957421.0,248368685.3
2023-10-17,126.15,135.5,126.05,130.4,5662928.0,749513948.0
2023-10-18,131.75,133.45,126.5,127.1,1741006.0,225430151.1
2023-10-19,125.65,128.85,125.55,126.45,1012224.0,128757238.45
2023-10-20,142.0,143.4,133.25,135.0,13472021.0,1858805773.55
2023-10-23,135.8,137.4,124.1,125.45,3881285.0,506532180.8
2023-10-25,127.6,130.85,123.55,127.0,2571817.0,328445882.95
2023-10-26,125.45,134.0,123.15,133.15,3780221.0,485788034.4
2023-10-27,133.25,135.6,131.6,132.45,1532986.0,204539382.2
2023-10-30,133.45,140.0,130.3,138.85,4384356.0,600674194.1
2023-10-31,139.65,141.2,135.1,135.95,2053562.0,284546281.0
2023-11-01,136.25,141.0,136.15,137.95,3034340.0,421372094.0
2023-11-02,139.4,141.45,137.3,137.8,1650148.0,229822178.9
2023-11-03,138.0,139.75,137.25,138.0,1292101.0,178888989.7
2023-11-06,138.95,140.65,137.15,138.1,1688416.0,234629460.3
2023-11-07,137.5,138.65,135.2,136.15,1602700.0,219537013.7
2023-11-08,136.7,143.3,135.65,140.65,3317801.0,464650759.8
2023-11-09,140.95,146.4,140.95,142.25,3986094.0,573004647.75
2023-11-10,141.95,141.95,136.4,137.25,1669491.0,231674879.3
2023-11-12,138.4,140.7,138.15,139.7,650643.0,90853502.2
2023-11-13,139.05,139.9,137.0,137.35,802313.0,110990717.25
2023-11-15,138.8,141.75,138.25,139.4,1143336.0,160232278.1
2023-11-16,139.5,143.5,138.6,139.9,2117841.0,299164372.9
2023-11-17,140.7,146.0,139.25,142.35,2700360.0,386268404.5
2023-11-20,142.7,143.3,140.55,140.95,744773.0,105843272.15
2023-11-21,141.05,143.45,139.5,140.0,1096944.0,154793732.35
2023-11-22,141.0,141.5,137.65,139.95,899221.0,125461347.55
2023-11-23,140.3,142.2,138.7,138.95,618781.0,86697176.5
2023-11-24,139.95,141.3,138.05,138.4,485933.0,67713836.9
2023-11-28,138.2,139.4,136.85,137.35,696107.0,96185627.55
2023-11-29,138.85,139.4,136.3,136.85,651176.0,89698636.85
2023-11-30,137.5,137.65,135.1,136.5,654939.0,89233893.75
2023-12-01,137.05,140.0,135.1,136.1,683895.0,94086798.35
2023-12-04,139.05,139.5,137.25,137.9,779331.0,107754815.5
2023-12-05,138.7,138.75,135.3,135.6,722177.0,98687779.35
2023-12-06,136.5,137.25,135.2,136.45,623373.0,84982520.3
2023-12-07,136.45,142.4,135.5,141.1,2187507.0,306013732.1
2023-12-08,141.95,145.8,141.75,143.05,2984305.0,428778089.25
2023-12-11,143.9,147.45,143.5,144.25,1716385.0,249732851.0
2023-12-12,145.05,145.9,141.1,142.3,806620.0,115405091.45
2023-12-13,142.95,144.95,141.45,143.25,686725.0,98301439.15
2023-12-14,144.95,145.7,141.65,142.15,806222.0,115345093.2
2023-12-15,143.05,143.9,140.75,141.3,822605.0,117109356.1
2023-12-18,141.3,143.5,140.3,141.9,955006.0,135822489.35
2023-12-19,142.75,159.25,142.4,154.75,13857280.0,2130393062.8
2023-12-20,156.0,162.2,146.1,147.15,5759003.0,897150990.05
2023-12-21,143.5,153.4,143.5,151.95,2562953.0,386108253.55
2023-12-22,153.0,154.2,149.55,151.4,1050341.0,159899409.4
2023-12-26,151.0,159.0,149.3,157.75,2762716.0,430765025.75
2023-12-27,158.8,160.25,152.8,153.65,1841740.0,287656927.9
2023-12-28,154.4,157.2,151.2,154.9,1488868.0,229476599.7
2023-12-29,155.25,156.35,151.75,153.2,876955.0,134688316.65
2024-01-01,153.5,154.75,152.55,153.25,626527.0,96240852.3
2024-01-02,153.95,155.85,150.3,152.9,1473808.0,225827966.3
2024-01-03,152.6,155.6,152.0,153.75,1039268.0,160025782.65
2024-01-04,154.1,168.6,154.0,165.95,8906053.0,1455603387.2
2024-01-05,166.8,173.5,164.55,167.0,4901558.0,829755311.0
2024-01-08,168.2,173.5,166.8,171.85,3313010.0,566540853.95
2024-01-09,173.85,182.85,172.25,175.05,4877134.0,864780331.4
2024-01-10,175.0,179.45,172.5,177.0,1622611.0,286971312.0
2024-01-11,177.05,181.3,175.45,176.9,1484174.0,264430340.25
2024-01-12,177.0,179.55,175.0,175.95,1136034.0,201627130.85
2024-01-15,176.9,177.7,171.2,172.55,1172960.0,203022601.15
2024-01-16,172.85,183.3,171.6,176.05,3264902.0,580752864.95
2024-01-17,173.65,175.65,171.75,172.25,1111242.0,192429667.45
2024-01-18,172.9,174.45,166.1,172.65,1751802.0,300242453.15
2024-01-19,174.0,179.35,173.95,177.55,1444414.0,255457322.15
2024-01-20,178.95,189.8,178.15,185.7,3349410.0,618614054.35
2024-01-23,189.0,189.0,170.05,172.15,2478517.0,445358210.35
2024-01-24,171.9,178.45,169.3,175.7,1877710.0,326943976.35
2024-01-25,177.0,179.8,173.5,177.25,1145365.0,203022280.55
2024-01-29,177.25,184.1,177.25,180.05,1488994.0,269015923.05
2024-01-30,202.0,213.45,193.25,206.45,12479347.0,2533787430.65
2024-01-31,208.0,226.9,207.3,220.95,9856051.0,2158706154.85
2024-02-01,221.9,237.3,214.05,231.85,6715700.0,1511323938.3
2024-02-02,235.0,248.0,234.0,242.0,8592308.0,2075213074.0
2024-02-05,244.15,264.95,242.2,251.65,6917030.0,1766574131.2
2024-02-06,254.2,257.75,238.4,240.6,2920697.0,720850115.0
2024-02-07,240.9,249.6,240.85,243.9,2191322.0,536083343.3
2024-02-08,241.1,253.05,241.1,246.5,2368452.0,587639593.2
2024-02-09,247.0,248.45,223.55,230.1,2857366.0,666978952.9
2024-02-12,225.0,227.95,195.0,201.5,4653314.0,979406610.7
2024-02-13,202.6,216.7,195.3,213.65,4037566.0,844960482.2
2024-02-14,211.55,221.4,207.9,219.25,3011514.0,646643893.3
2024-02-15,221.4,228.6,220.5,223.05,2104182.0,472111629.9
2024-02-16,223.9,232.0,220.45,225.6,2131322.0,481626069.25
2024-02-19,224.3,225.95,218.7,220.15,1572279.0,349290739.35
2024-02-20,220.85,233.75,219.65,224.25,1668664.0,379250965.0
2024-02-21,225.0,229.4,213.1,215.0,1627589.0,357941363.0
2024-02-22,216.9,221.2,211.55,219.05,1454321.0,315870902.25
2024-02-23,219.7,222.8,216.1,217.7,1139928.0,249261979.9
2024-02-26,217.7,223.15,214.25,215.05,1138076.0,248985361.0
2024-02-27,215.6,217.75,212.75,215.05,803898.0,172758061.95
2024-02-28,214.55,215.75,203.65,205.45,1676112.0,347636690.95
2024-02-29,201.15,213.9,201.15,205.85,3323337.0,687776381.3
2024-03-01,207.95,212.05,207.25,209.8,991487.0,207238381.05
2024-03-02,211.8,220.25,211.0,220.25,628233.0,136720249.2
2024-03-04,221.55,225.5,214.55,218.7,1256674.0,275328834.65
2024-03-05,218.05,218.9,213.1,214.15,725462.0,156316928.6
2024-03-06,212.2,214.75,205.1,207.75,1053190.0,219704614.8
2024-03-07,206.1,212.0,206.1,208.05,747483.0,156068374.85
2024-03-11,209.0,213.35,199.3,201.2,1099639.0,226282275.45
2024-03-12,201.2,202.5,186.65,190.65,2241697.0,430871132.55
2024-03-13,197.9,197.9,161.7,169.95,3455223.0,626233827.85
2024-03-14,169.0,188.95,168.75,187.45,1708154.0,310797695.65
2024-03-15,187.0,196.9,181.3,194.4,1466588.0,277540208.9
2024-03-18,195.0,195.0,186.5,190.85,1139952.0,216881118.3
2024-03-19,190.0,193.9,187.5,190.6,687406.0,131104535.95
2024-03-20,190.6,193.35,185.05,191.45,835393.0,158532169.8
2024-03-21,193.9,196.9,193.85,195.3,754877.0,147551156.85
2024-03-22,194.15,207.8,194.1,205.3,1555651.0,316603922.5
2024-03-26,205.0,206.1,199.5,200.25,840984.0,170243475.5
2024-03-27,202.0,204.85,198.75,200.15,850677.0,172058633.45
2024-03-28,202.85,204.8,198.1,199.95,601203.0,121603812.45
2024-04-01,201.15,209.65,201.15,208.05,1015403.0,210336764.4
2024-04-02,209.7,215.0,208.7,214.55,925068.0,196523312.2
2024-04-03,212.7,217.7,212.0,213.75,675174.0,145105064.65
2024-04-04,215.0,217.6,208.95,211.9,789311.0,167496268.05
2024-04-05,211.5,214.55,208.8,211.95,681063.0,143874759.05
2024-04-08,212.7,215.7,210.05,210.4,543703.0,115354431.75
2024-04-09,211.85,222.4,210.75,215.65,2351730.0,512562584.35
2024-04-10,216.5,217.2,212.1,212.75,434780.0,92925555.65
2024-04-12,212.4,212.5,206.15,207.0,995840.0,207557752.7
2024-04-15,201.5,205.0,195.4,199.7,784248.0,157128360.15
2024-04-16,197.0,203.45,196.4,200.4,459827.0,92245315.15
2024-04-18,201.9,203.55,198.55,200.6,794255.0,159386785.0
2024-04-19,195.0,198.35,181.05,195.65,730859.0,142906000.75
2024-04-22,197.2,213.0,197.2,211.95,1846506.0,384184325.15
2024-04-23,213.4,214.4,209.15,213.3,962462.0,204166562.15
2024-04-24,214.85,221.55,213.3,215.65,1667606.0,363472646.35
2024-04-25,215.5,219.0,214.05,215.35,550853.0,119087912.3
2024-04-26,214.75,216.9,210.9,213.15,599378.0,128098424.15
2024-04-29,214.0,221.5,213.75,215.3,1159447.0,252518806.75
2024-04-30,213.0,216.4,209.5,210.15,606339.0,128683721.2
2024-05-02,211.0,213.5,208.0,208.8,521480.0,109451255.1
2024-05-03,210.0,211.7,203.5,207.55,586386.0,121786963.55
2024-05-06,209.0,209.25,201.25,202.6,576093.0,117126580.8
2024-05-07,203.15,203.75,195.15,197.95,761856.0,151343524.8
2024-05-08,195.6,201.3,195.1,198.1,461602.0,91790694.8
2024-05-09,198.2,199.55,192.25,193.55,466740.0,91642993.4
2024-05-10,194.0,195.95,188.0,194.15,458080.0,88400329.7
2024-05-13,195.95,195.95,187.5,193.45,630228.0,120584350.05
2024-05-14,195.0,199.5,194.1,196.7,404654.0,79687665.7
2024-05-15,200.0,206.55,198.1,204.35,1357243.0,276345411.15
2024-05-16,205.3,207.0,202.1,205.75,555655.0,113816479.85
2024-05-17,206.5,212.0,204.0,210.55,1318851.0,275337194.1
2024-05-18,212.0,212.15,208.6,209.0,130584.0,27393692.8
2024-05-21,209.8,212.9,206.8,210.5,757005.0,159078956.9
2024-05-22,212.0,214.8,208.1,208.45,789639.0,166700185.45
2024-05-23,209.05,211.35,206.6,207.2,575264.0,119799229.35
2024-05-24,207.25,211.1,206.5,206.85,563415.0,117217958.3
2024-05-27,209.0,211.25,203.6,204.25,787265.0,163072437.35
2024-05-28,205.5,205.6,199.1,199.95,618167.0,124314684.35
2024-05-29,197.95,202.0,195.55,197.2,592968.0,117797094.1
2024-05-30,195.1,200.8,194.5,195.05,673322.0,132690504.8
2024-05-31,196.25,200.7,191.6,198.75,1249596.0,243916528.7
2024-06-03,209.0,210.95,201.95,203.5,1407926.0,289389531.55
2024-06-04,200.0,200.0,162.8,170.35,3955389.0,695348355.55
2024-06-05,170.3,178.0,163.85,176.8,1474799.0,252304017.6
2024-06-06,180.0,187.95,180.0,185.6,806717.0,149338390.75
2024-06-07,186.5,192.0,184.65,190.05,728210.0,137591219.05
2024-06-10,191.1,194.79,188.5,190.75,579080.0,110757594.52
2024-06-11,192.0,201.39,191.51,197.24,1394961.0,275447856.16
2024-06-12,197.45,203.33,197.33,199.14,822238.0,164268996.8
2024-06-13,200.5,205.99,198.55,199.66,1587881.0,321626036.31
2024-06-14,199.43,202.59,197.48,197.89,823438.0,164393408.6
2024-06-18,199.2,199.42,195.62,196.62,1018026.0,200809949.83
2024-06-19,197.29,197.66,191.71,192.18,676753.0,131105520.78
2024-06-20,193.0,196.89,192.75,193.24,722456.0,140432322.41
2024-06-21,193.65,196.89,192.23,193.58,614285.0,119491026.43
2024-06-24,191.0,194.68,190.25,191.38,527461.0,101421610.33
2024-06-25,192.35,195.6,189.09,194.03,956750.0,184636783.94
2024-06-26,195.8,198.22,191.55,192.33,806385.0,157219891.93
2024-06-27,192.33,192.8,186.5,189.73,642024.0,122229696.99
2024-06-28,191.29,191.99,188.0,188.35,398550.0,75578473.51
2024-07-01,189.82,191.8,188.26,189.33,357604.0,67837887.5
2024-07-02,190.0,192.7,188.14,189.45,562917.0,107127967.81
2024-07-03,190.7,196.88,190.61,193.8,872575.0,168715264.17
2024-07-04,194.7,194.94,191.0,191.32,523075.0,100622195.33
2024-07-05,191.0,204.0,190.33,201.83,2549071.0,506885970.04
2024-07-08,204.0,211.4,203.15,204.34,2512328.0,520934244.14
2024-07-09,205.7,206.55,201.08,202.14,687117.0,140013064.32
2024-07-10,218.99,219.0,207.73,216.27,8343312.0,1781888226.85
2024-07-11,216.9,224.8,216.89,220.79,5018726.0,1112617245.68
2024-07-12,222.8,233.0,221.0,225.99,5413432.0,1227487432.1
2024-07-15,228.0,239.0,227.22,235.9,4104166.0,965673679.27
2024-07-16,237.0,242.0,230.1,230.69,2269796.0,534763185.47
2024-07-18,227.13,231.35,222.01,223.49,2094109.0,473080108.82
2024-07-19,223.79,223.79,211.3,213.15,1483965.0,321571710.61
2024-07-22,210.95,222.42,209.95,215.22,1936066.0,422446872.07
2024-07-23,216.9,220.3,204.1,213.2,2389508.0,512558479.08
2024-07-24,212.0,221.8,211.5,219.01,1096291.0,239617004.8
2024-07-25,217.7,224.8,214.21,217.24,940289.0,207119735.69
2024-07-26,218.9,226.8,218.89,220.04,1276986.0,283225108.78
2024-07-29,221.8,224.55,218.41,219.43,793504.0,176117867.21
2024-07-30,219.0,222.6,218.05,218.78,657038.0,144579804.6
2024-07-31,220.0,222.11,217.01,217.54,692900.0,151350567.09
2024-08-01,218.39,219.03,210.12,211.15,994660.0,212680949.71
2024-08-02,207.0,214.25,207.0,210.12,896183.0,189390493.21
2024-08-05,205.0,206.0,196.8,200.6,1862380.0,374043926.62
2024-08-06,202.0,205.9,194.11,195.75,916365.0,183584849.76
2024-08-07,200.38,202.59,198.36,201.33,550895.0,110408426.29
2024-08-08,199.98,203.45,198.0,198.8,504373.0,101308568.34
2024-08-09,205.99,206.0,201.65,202.89,446722.0,90770471.73
2024-08-12,202.89,204.73,199.68,201.81,338464.0,68542720.89
2024-08-13,203.25,205.64,198.0,199.53,517690.0,104546082.97
2024-08-14,200.0,200.8,195.15,196.64,423208.0,83520158.49
2024-08-16,198.1,201.12,196.75,199.44,403835.0,80252544.83
2024-08-19,200.74,203.78,199.35,199.78,396970.0,80078488.72
2024-08-20,201.0,202.13,198.2,199.16,379440.0,75800533.51
2024-08-21,199.26,202.0,198.81,200.61,383521.0,76934798.51
2024-08-22,201.0,204.9,201.0,201.73,549533.0,111561597.02
2024-08-23,201.9,202.9,199.0,199.88,432706.0,86937713.25
2024-08-26,201.5,202.0,198.05,198.89,452181.0,90547718.11
2024-08-27,199.0,202.7,199.0,199.79,476607.0,95524357.47
2024-08-28,199.79,209.71,199.78,204.69,1403218.0,288030240.08
2024-08-29,205.0,209.9,200.05,200.87,830132.0,169294085.65
2024-08-30,202.05,208.8,199.87,207.12,825943.0,169369921.74
2024-09-02,210.9,212.9,205.8,206.63,724157.0,151242355.24
2024-09-03,206.66,208.0,201.21,201.83,683800.0,139057961.01
2024-09-04,201.83,204.43,199.12,200.47,614842.0,123772223.56
2024-09-05,201.98,204.45,200.55,201.02,447769.0,90408623.38
2024-09-06,201.2,203.4,195.7,196.15,672409.0,133160481.52
2024-09-09,196.0,196.99,191.0,192.52,578264.0,111599690.37
2024-09-10,193.75,198.15,193.75,197.48,381695.0,74865365.52
2024-09-11,197.2,197.5,191.9,192.51,339495.0,66126352.55
2024-09-12,193.6,195.8,191.0,194.41,512651.0,99134237.23
2024-09-13,194.9,197.9,194.0,195.11,400441.0,78457816.29
2024-09-16,195.25,196.46,192.4,192.73,329551.0,63845470.87
2024-09-17,192.8,195.9,191.15,192.45,408590.0,79105277.32
2024-09-18,192.5,193.37,189.51,189.99,306693.0,58561293.11
2024-09-19,191.12,193.1,183.33,184.09,789969.0,146941381.67
2024-09-20,184.45,187.94,184.45,186.32,451145.0,83977719.09
2024-09-23,187.6,203.8,187.31,200.24,2312178.0,457665398.44
2024-09-24,199.75,200.2,195.11,195.73,397766.0,78407123.46
2024-09-25,195.5,195.8,192.0,194.62,381897.0,74098487.5
2024-09-26,195.0,207.7,191.2,202.5,1739943.0,349921487.09
2024-09-27,206.0,212.7,205.02,207.13,2704078.0,565215639.86
2024-09-30,206.5,207.0,198.57,199.56,808889.0,162307309.08
2024-10-01,200.0,201.61,196.21,196.76,398120.0,79011409.98
2024-10-03,194.0,195.94,192.0,192.71,413778.0,80035218.4
2024-10-04,190.85,194.0,187.5,188.15,716131.0,136259356.75
2024-10-07,191.0,191.49,179.0,179.8,818590.0,149670981.79
2024-10-08,179.02,184.9,179.01,183.99,557005.0,101633349.1
2024-10-09,185.2,187.49,183.09,183.88,524458.0,97282664.48
2024-10-10,185.5,188.66,184.01,184.68,293339.0,54519745.39
2024-10-11,184.95,186.8,183.73,184.97,314488.0,58284956.74
2024-10-14,186.99,189.0,184.51,185.84,340878.0,63616502.5
2024-10-15,186.0,187.32,184.71,185.61,213680.0,39735947.38
2024-10-16,185.61,192.5,185.6,189.71,518112.0,98079681.07
2024-10-17,190.0,192.03,183.5,184.27,289663.0,54146023.87
2024-10-18,182.5,199.8,179.44,196.3,2793606.0,543598676.54
2024-10-21,196.3,196.3,188.3,190.42,586509.0,112512892.15
2024-10-22,189.8,189.93,180.36,181.03,654051.0,120085862.43
2024-10-23,179.0,185.59,177.5,181.43,543137.0,98971595.08
2024-10-24,182.7,183.99,179.75,180.45,311073.0,56530003.62
2024-10-25,180.99,181.79,172.2,174.28,632669.0,111330307.18
2024-10-28,175.51,179.45,173.62,177.09,426299.0,75463733.42
2024-10-29,177.9,180.99,176.67,180.22,311635.0,55880715.11
2024-10-30,180.0,183.93,178.86,180.41,391021.0,71065622.43
2024-10-31,179.7,183.0,176.51,179.75,461056.0,82831949.68
2024-11-01,179.52,182.99,179.52,182.71,132282.0,24094969.88
2024-11-04,182.7,182.7,178.0,178.47,255814.0,45765189.06
2024-11-05,178.0,182.79,177.7,180.62,245904.0,44341021.77
2024-11-06,182.45,186.5,181.64,184.92,359906.0,66194086.02
2024-11-07,184.3,186.39,180.95,181.38,445908.0,81923247.79
2024-11-08,180.9,181.87,178.5,178.86,219378.0,39409878.31
2024-11-11,178.4,180.98,176.5,179.06,215495.0,38578547.3
2024-11-12,177.65,179.62,174.5,175.03,237765.0,42023565.76
2024-11-13,173.0,174.64,164.21,165.21,787329.0,132052536.36
2024-11-14,165.2,170.5,162.11,163.73,662262.0,109807361.41
2024-11-18,164.5,166.39,158.35,161.1,469064.0,76569977.48
2024-11-19,162.05,165.79,161.49,162.06,353190.0,57803425.62
2024-11-21,163.0,163.0,156.3,158.16,400850.0,63517673.01
2024-11-22,158.65,160.3,156.46,158.46,771894.0,121993323.71
2024-11-25,162.2,167.2,162.0,164.08,701288.0,115186469.66
2024-11-26,165.39,168.98,163.0,167.96,475696.0,79029903.28
2024-11-27,169.7,171.66,165.75,167.48,828541.0,138942741.84
2024-11-28,168.15,173.8,166.94,172.49,1669511.0,285850222.07
2024-11-29,174.08,174.84,171.5,173.45,622472.0,107756837.81
2024-12-02,172.5,175.95,171.41,173.64,347684.0,60324604.82
2024-12-03,174.3,182.49,174.01,179.61,1198283.0,215461865.43
2024-12-04,180.0,181.0,177.5,179.38,386359.0,69349071.56
2024-12-05,180.5,181.62,177.61,178.87,321693.0,57694851.78
2024-12-06,179.74,182.0,178.27,178.62,395031.0,70918312.23
2024-12-09,178.71,180.26,177.0,177.63,315938.0,56402607.35
2024-12-10,177.98,178.73,175.0,175.48,298644.0,52652721.68
2024-12-11,175.13,178.43,175.13,176.24,279675.0,49446222.07
2024-12-12,176.8,176.88,172.2,172.87,240225.0,41803118.58
2024-12-13,172.0,172.46,168.99,170.94,438263.0,74771655.33
2024-12-16,179.9,184.29,178.11,181.99,2740038.0,499041577.49
2024-12-17,179.0,181.9,178.23,179.2,532185.0,95707938.16
2024-12-18,179.44,179.44,172.51,173.43,403070.0,70880267.27
2024-12-19,170.3,177.7,169.55,175.16,471678.0,81961926.03
2024-12-20,175.6,176.16,169.0,170.23,392955.0,67768599.86
2024-12-23,172.48,174.9,168.24,169.82,401302.0,68288694.07
2024-12-24,170.0,172.58,169.0,169.5,224633.0,38313429.26
2024-12-26,170.48,179.9,169.91,178.98,930363.0,164180527.0
2024-12-27,177.0,177.68,174.5,176.03,220698.0,38808322.69
2024-12-30,176.25,176.25,173.41,174.97,202091.0,35288549.98
2024-12-31,174.9,175.8,173.1,173.9,248116.0,43299721.48
2025-01-01,173.9,177.24,173.55,175.61,214236.0,37509613.36
2025-01-02,176.15,178.1,175.2,175.86,293155.0,51740246.2
2025-01-03,176.29,177.4,173.63,174.02,253236.0,44455580.26
2025-01-06,175.0,175.0,162.81,164.59,557664.0,93557517.07
2025-01-07,165.02,171.85,165.02,168.72,363953.0,61285558.94
2025-01-08,168.88,168.88,163.64,165.59,303825.0,50457955.85
2025-01-09,164.9,168.68,163.2,163.59,256365.0,42444147.8
2025-01-10,164.0,164.64,156.3,157.55,461501.0,73743857.35
2025-01-13,155.65,157.55,147.42,148.76,686869.0,103883971.98
2025-01-14,149.75,154.24,147.61,153.57,393938.0,59608343.8
2025-01-15,153.7,155.9,152.65,153.05,298580.0,46134135.06
2025-01-16,155.35,159.0,155.03,156.54,278314.0,43678775.53
2025-01-17,155.0,159.17,155.0,156.55,352326.0,55376219.37
2025-01-20,157.2,163.35,157.2,161.66,480705.0,77212174.01
2025-01-21,162.2,162.67,158.05,158.54,309918.0,49491061.46
2025-01-22,158.88,158.88,150.01,153.34,383108.0,58769128.1
2025-01-23,153.88,156.49,152.1,152.97,212872.0,32777149.68
2025-01-24,153.5,153.95,149.0,149.99,230180.0,34813522.65
2025-01-27,148.55,149.1,140.35,141.77,594011.0,85073917.78
2025-01-28,143.48,144.34,134.3,138.96,881400.0,122344621.77
2025-01-29,139.85,146.45,139.85,145.72,344964.0,49910437.7
2025-01-30,146.15,148.7,143.5,144.25,342645.0,49951135.3
2025-01-31,144.25,150.5,143.6,149.79,386385.0,56996973.8
2025-02-01,150.9,152.73,146.0,148.79,405597.0,60821394.54
2025-02-03,146.05,147.79,141.99,142.4,363047.0,52216627.13
2025-02-04,145.1,145.98,143.52,145.09,195485.0,28352517.3
2025-02-05,151.62,160.78,151.62,157.1,2106640.0,331117579.98
2025-02-06,157.0,157.0,151.49,152.5,423402.0,64986290.29
2025-02-07,151.01,153.39,149.38,151.56,290799.0,44016397.55
2025-02-10,151.6,152.0,145.0,146.33,339599.0,50114997.09
2025-02-11,146.5,146.5,140.05,141.76,430209.0,61185663.53
2025-02-12,141.65,141.65,132.86,138.93,599156.0,82372374.3
2025-02-13,140.15,141.68,137.0,137.74,305538.0,42506837.54
2025-02-14,138.48,138.48,130.1,131.29,532428.0,70792823.33
2025-02-17,130.05,134.48,126.65,134.02,780213.0,101765921.98
2025-02-18,134.9,134.9,126.91,128.57,498512.0,64202114.62
2025-02-19,128.85,134.25,127.5,133.65,585936.0,77164752.87
2025-02-20,133.0,135.98,130.61,133.16,721526.0,96107465.19
2025-02-21,133.0,138.0,131.8,132.46,660341.0,88715188.52
2025-02-24,131.5,132.49,128.31,130.03,710480.0,92935084.86
2025-02-25,129.99,131.4,128.51,129.06,253692.0,32921217.08
2025-02-27,129.06,129.49,125.75,127.07,384871.0,48834729.01
2025-02-28,125.5,126.52,120.71,123.94,627035.0,77482716.91
2025-03-03,123.94,124.9,116.02,121.3,754246.0,89820846.13
2025-03-04,120.0,123.48,118.46,121.46,425433.0,51733038.79
2025-03-05,123.0,127.02,122.01,125.02,656304.0,81887010.06
2025-03-06,127.1,128.9,125.52,125.84,408415.0,51771583.05
2025-03-07,125.84,130.22,125.4,127.81,523433.0,67071517.62
2025-03-10,127.0,128.67,122.6,123.37,584594.0,73016678.39
2025-03-11,123.37,123.79,120.15,121.93,677529.0,82780110.8
2025-03-12,123.2,124.0,119.9,121.29,626110.0,75871169.64
2025-03-13,123.99,124.63,118.21,119.22,715666.0,86015184.87
2025-03-17,119.39,120.1,115.5,115.98,900967.0,105461833.83
2025-03-18,118.2,118.93,116.03,118.17,1015458.0,119748823.7
2025-03-19,118.92,123.95,118.23,123.26,824092.0,100643063.58
2025-03-20,123.8,126.38,122.19,124.97,1015431.0,126630070.14
2025-03-21,124.9,132.95,124.56,132.25,1565581.0,203155626.55
2025-03-24,134.0,135.71,130.11,130.59,1000565.0,132963416.67
2025-03-25,131.85,132.0,126.01,126.77,893835.0,114480561.8
2025-03-26,127.4,128.7,123.51,124.64,1035134.0,130997760.49
2025-03-27,123.99,126.8,122.1,125.31,2696760.0,335784402.53
2025-03-28,126.39,128.27,123.15,123.72,1565622.0,196640317.33
2025-04-01,123.4,126.41,122.66,125.43,484165.0,60484123.15
2025-04-02,125.95,127.68,122.98,126.19,569116.0,71670765.82
2025-04-03,126.3,131.15,126.3,130.68,638799.0,82776635.48
2025-04-04,129.3,129.79,120.31,121.0,1078489.0,132897364.44
2025-04-07,114.55,116.49,111.03,114.56,1139265.0,129218889.64
2025-04-08,117.69,118.9,116.0,117.97,411174.0,48313101.55
2025-04-09,116.99,117.8,115.11,116.78,305497.0,35524981.17
2025-04-11,119.79,124.24,118.27,123.47,659909.0,80520539.64
2025-04-15,125.0,127.85,124.81,127.41,356199.0,45104767.94
2025-04-16,127.41,133.73,126.91,130.58,1294095.0,168779555.89
2025-04-17,130.01,132.67,129.23,131.04,670312.0,88048545.62
2025-04-21,131.0,132.63,129.86,132.29,478746.0,62954261.77
2025-04-22,132.21,136.82,132.0,133.82,711932.0,95802871.45
2025-04-23,135.5,142.66,134.95,139.38,2465626.0,344087177.76
2025-04-24,139.0,139.46,137.15,138.17,504872.0,69687877.83
2025-04-25,138.85,138.85,131.98,134.06,727739.0,97844138.7
2025-04-28,132.9,134.33,131.02,132.94,407964.0,54242367.53
2025-04-29,133.2,135.56,131.3,132.99,267180.0,35724280.17
2025-04-30,131.48,132.87,128.12,129.52,354118.0,46252832.25
2025-05-02,129.29,130.78,126.96,128.71,321428.0,41350552.86
2025-05-05,129.42,133.55,129.4,133.11,335832.0,44356368.35
2025-05-06,132.81,134.69,128.6,129.54,695605.0,91937604.45
2025-05-07,128.0,133.38,126.6,132.75,531724.0,69307833.33
2025-05-08,133.0,134.04,127.25,128.61,331997.0,43545555.89
2025-05-09,126.0,131.8,124.7,129.97,372635.0,47337455.74
2025-05-12,134.45,136.75,132.62,135.77,568792.0,76672821.55
2025-05-13,135.5,138.15,135.05,136.34,419506.0,57323386.96
2025-05-14,135.5,138.75,135.5,137.8,519283.0,71267803.18
2025-05-15,138.0,139.0,135.94,136.88,373759.0,51260490.43
2025-05-16,137.01,143.0,136.55,141.04,993900.0,139678523.72
2025-05-19,142.9,142.9,138.3,138.84,769100.0,107739758.1
2025-05-20,139.65,139.95,134.3,135.16,566939.0,77396790.17
2025-05-21,135.0,136.8,133.16,134.77,575971.0,77674359.0
2025-05-22,134.5,135.79,133.05,134.0,423534.0,56756652.72
2025-05-23,134.0,137.76,133.49,137.09,424603.0,57911362.83
2025-05-26,137.88,138.79,137.05,137.33,243300.0,33551324.61
2025-05-27,137.46,138.42,135.2,137.73,536895.0,73642641.61
2025-05-28,137.5,146.89,137.2,142.6,1570742.0,223774756.39
2025-05-29,143.1,143.1,137.7,139.12,1082680.0,150936603.06
2025-05-30,138.55,138.74,132.06,133.35,2889540.0,386479769.17
2025-06-02,132.5,140.48,132.01,138.27,1706083.0,234991267.88
2025-06-03,138.2,140.59,136.7,137.1,716527.0,99075388.98
2025-06-04,137.5,137.98,135.12,137.09,550166.0,75343274.9
2025-06-05,137.15,140.9,137.15,139.13,776369.0,108416575.93
2025-06-06,139.22,143.65,139.01,142.2,1209201.0,171720343.7
2025-06-09,143.0,146.51,142.96,144.33,1066397.0,154735502.42
2025-06-10,144.33,145.6,142.56,143.74,590218.0,85025478.23
2025-06-11,144.3,148.8,143.01,145.77,1036938.0,152399574.09
2025-06-12,146.0,146.28,140.7,141.8,461894.0,66291249.8
2025-06-13,139.6,143.6,138.3,142.05,594598.0,84003783.78
2025-06-16,142.0,143.64,138.57,140.94,557133.0,78074948.3
2025-06-17,140.1,142.25,137.68,138.15,434607.0,60577954.43
2025-06-18,137.8,139.47,136.11,136.75,350434.0,48106953.98
2025-06-19,136.75,137.52,133.0,133.13,361494.0,48609774.55
2025-06-20,133.75,136.0,132.31,133.98,366039.0,49110063.56
2025-06-23,133.0,134.98,132.69,134.05,341512.0,45671326.95
2025-06-24,136.01,137.0,135.1,135.48,295817.0,40279329.47
2025-06-25,135.95,138.87,135.81,138.02,331341.0,45658817.36
2025-06-26,138.89,139.92,137.54,139.03,379718.0,52741816.71
2025-06-27,138.7,141.5,137.59,138.2,426743.0,59450459.2
2025-06-30,138.6,140.15,138.45,138.93,247874.0,34490527.0
2025-07-01,139.98,140.75,138.26,139.29,334879.0,46673592.18
2025-07-02,139.99,139.99,137.51,138.18,265434.0,36735316.75
2025-07-03,138.61,139.58,137.31,137.62,245740.0,33971010.51
2025-07-04,137.6,138.43,136.0,136.45,390257.0,53397776.08
2025-07-07,136.85,139.15,136.51,137.43,258670.0,35678731.02
2025-07-08,137.65,138.41,134.66,135.81,379927.0,51528104.69
2025-07-09,136.0,137.42,135.0,135.32,183636.0,24958590.41
2025-07-10,137.6,137.95,135.0,135.72,286527.0,39035680.06
2025-07-11,135.0,135.59,133.45,133.99,300996.0,40390146.03
2025-07-14,133.1,134.68,132.35,133.93,209904.0,28065747.68
2025-07-15,134.39,136.46,133.6,135.62,341606.0,46239684.36
2025-07-16,135.1,137.39,135.1,136.36,210600.0,28740199.97
2025-07-17,137.0,138.6,136.14,136.52,304468.0,41748820.07
2025-07-18,137.2,137.26,135.45,135.96,205803.0,28009903.48
2025-07-21,135.4,136.39,134.34,135.74,194058.0,26266038.08
2025-07-22,135.2,136.6,134.2,134.66,182023.0,24628049.51
2025-07-23,134.7,135.62,133.25,133.95,177768.0,23794021.42
2025-07-24,134.0,135.88,133.25,133.8,369171.0,49735863.92
2025-07-25,134.0,134.34,131.44,132.0,175659.0,23331716.39
2025-07-28,131.4,131.98,126.5,127.03,465418.0,60008589.43
2025-07-29,126.0,128.89,125.6,128.18,228496.0,29173695.82
2025-07-30,128.5,129.39,127.8,128.79,126810.0,16296697.02
2025-07-31,127.8,128.2,125.97,126.41,280952.0,35738831.4
2025-08-01,126.9,127.69,124.67,125.18,195186.0,24567675.9
2025-08-04,125.0,126.31,123.77,125.5,166205.0,20752113.09
2025-08-05,125.6,126.25,124.38,124.78,119907.0,15006321.43
2025-08-06,124.5,134.18,124.49,132.41,1823039.0,238824586.6
2025-08-07,132.41,133.79,129.05,130.84,701820.0,92214012.88
2025-08-08,130.8,136.99,129.52,131.89,881948.0,118430970.52
2025-08-11,132.5,133.1,130.7,131.67,304870.0,40200898.51
2025-08-12,131.77,137.5,131.77,135.09,753908.0,102052911.25
2025-08-13,135.5,138.3,135.45,136.87,549125.0,75212381.67
2025-08-14,136.87,138.0,135.51,137.53,255490.0,34912348.65
2025-08-18,137.9,139.24,132.61,136.91,415269.0,56667569.53
2025-08-19,136.91,138.46,136.91,137.75,288555.0,39737458.74
2025-08-20,137.0,141.49,136.94,138.93,786270.0,109847107.41
2025-08-21,138.3,140.29,137.05,137.35,228817.0,31685044.91
2025-08-22,137.45,137.89,136.01,136.61,185434.0,25332584.82
2025-08-25,137.55,138.6,136.4,137.08,238698.0,32732702.23
2025-08-26,136.1,137.79,134.61,135.27,244844.0,33205621.58
2025-08-28,133.0,135.97,133.0,133.81,246027.0,33029039.91
2025-08-29,133.9,135.0,132.5,132.63,212500.0,28380462.64
2025-09-01,132.63,141.45,132.63,138.48,1315276.0,182413932.05
2025-09-02,138.8,143.0,138.31,141.92,774195.0,109668859.7
2025-09-03,142.0,170.3,141.22,167.73,14581794.0,2387381488.64
2025-09-04,167.94,176.5,163.37,166.7,6723259.0,1140601827.34
2025-09-05,167.54,182.5,167.47,176.25,4487528.0,786249782.49
2025-09-08,177.65,183.0,175.0,178.23,2236629.0,400679050.53
2025-09-09,178.75,184.7,176.0,178.24,2013793.0,363637622.36
2025-09-10,179.0,180.0,171.75,174.19,1235867.0,217364318.75
2025-09-11,175.9,178.11,169.64,172.71,777173.0,135421143.51
2025-09-12,173.35,174.95,171.05,173.14,566410.0,98007306.83
2025-09-15,173.4,176.4,171.5,172.11,595480.0,103391885.21
2025-09-16,172.25,173.9,167.72,168.61,630151.0,107061107.01
2025-09-17,169.57,173.9,168.83,171.11,766081.0,131416584.49
2025-09-18,172.0,173.01,168.64,169.98,510547.0,86878429.67
2025-09-19,170.19,172.4,168.7,170.48,634012.0,108031137.71
2025-09-22,171.25,179.0,170.2,174.94,2264301.0,396796516.27
2025-09-23,175.5,177.0,171.62,173.93,778807.0,135604932.29
2025-09-24,173.98,174.35,167.32,168.33,660799.0,111941518.63
2025-09-25,169.11,169.11,160.9,161.7,655233.0,107548180.84
2025-09-26,161.84,175.25,160.83,168.33,7445232.0,1263578088.68
2025-09-29,169.17,171.5,167.8,169.35,974102.0,165369581.48
2025-09-30,169.01,169.26,163.46,166.81,1338397.0,222905776.48
2025-10-01,167.72,184.4,167.43,182.86,13853981.0,2496511513.84
2025-10-03,184.25,190.69,180.1,184.0,5063891.0,937715108.97
2025-10-06,165.0,165.0,147.2,149.52,10214384.0,1550641169.45
2025-10-07,150.82,151.9,142.5,143.57,3366253.0,489142560.79
2025-10-08,145.56,149.5,143.85,148.73,1735352.0,254892156.13
2025-10-09,148.68,148.68,145.66,146.65,610086.0,89556980.02
2025-10-10,146.65,149.0,145.85,148.26,510529.0,75335784.2
2025-10-13,145.75,147.14,143.61,144.08,555211.0,80407209.72
2025-10-14,144.39,145.09,141.2,143.91,523978.0,75097480.99
2025-10-15,144.27,146.17,143.26,145.16,581385.0,84109389.66
2025-10-16,145.6,146.35,143.58,143.83,357866.0,51739858.31
2025-10-17,144.78,144.78,141.31,141.72,363430.0,51761543.91
2025-10-20,142.99,145.0,142.11,143.35,516129.0,73951948.3
2025-10-21,144.51,145.45,144.02,144.75,207170.0,29984682.76
2025-10-23,145.5,145.7,144.0,144.88,267806.0,38773543.88
2025-10-24,144.46,144.74,142.5,143.35,261081.0,37454094.16
2025-10-27,143.35,144.33,142.11,142.64,336330.0,48161414.64
2025-10-28,143.0,143.4,141.05,141.57,441067.0,62608053.49
2025-10-29,141.3,141.59,139.05,139.87,576377.0,80644637.98
2025-10-30,140.09,141.4,138.6,139.03,348709.0,48791978.25
2025-10-31,139.3,140.52,138.35,138.66,292846.0,40767565.61
2025-11-03,138.5,139.89,137.71,138.95,230115.0,31932795.86
2025-11-04,139.1,139.89,137.41,137.7,219308.0,30347806.27
2025-11-06,137.7,138.16,135.25,135.95,247914.0,33739659.22
2025-11-07,135.12,136.6,133.51,135.81,266448.0,35942722.1
2025-11-10,135.53,137.19,135.2,135.4,165338.0,22453179.14
2025-11-11,135.49,136.99,134.66,135.72,293750.0,39876766.01
2025-11-12,136.05,137.09,135.69,136.69,183251.0,24995875.7
2025-11-13,135.7,149.8,135.7,146.2,3571597.0,523808529.43
2025-11-14,146.2,150.24,142.8,144.46,895858.0,131570703.03
2025-11-17,144.3,145.59,143.01,144.64,329376.0,47481940.14
2025-11-18,142.8,144.25,141.5,142.98,240182.0,34242881.85
2025-11-19,142.8,142.8,140.0,140.75,262814.0,37076422.85
2025-11-20,140.75,142.75,140.42,141.14,206741.0,29256522.82
2025-11-21,141.0,141.01,137.9,138.58,268401.0,37427379.54
2025-11-24,138.7,139.5,136.05,136.79,182154.0,25088295.33
2025-11-25,136.55,138.49,136.3,137.75,131897.0,18159606.22
2025-11-26,137.75,140.7,137.75,140.18,171628.0,23922037.45
2025-11-27,141.0,141.8,139.3,139.96,170506.0,23982220.02
2025-11-28,139.95,140.23,138.6,138.99,111389.0,15489236.74
2025-12-01,139.33,141.22,136.1,136.79,211708.0,29262412.99
2025-12-02,136.8,137.43,135.5,135.98,156848.0,21344025.24
2025-12-03,136.19,136.7,134.41,134.88,215649.0,29169539.49
2025-12-04,134.88,135.79,133.89,134.3,117240.0,15794625.2
2025-12-05,134.1,134.64,132.1,133.18,194973.0,26033359.15
2025-12-08,133.75,133.75,126.05,126.6,723147.0,92694141.96
2025-12-09,125.35,130.5,125.0,130.05,290960.0,37217767.64
2025-12-10,130.48,132.21,128.26,129.26,176964.0,23141459.64
2025-12-11,128.8,130.12,127.02,129.7,154911.0,19962124.85
2025-12-12,129.69,135.88,129.69,134.51,229187.0,30404661.23
2025-12-15,134.25,134.25,132.0,133.05,149456.0,19913258.04
2025-12-16,133.0,133.24,129.6,130.51,200089.0,26242668.76
2025-12-17,130.05,131.13,128.0,128.66,217842.0,28131664.52
2025-12-18,129.0,129.6,127.01,128.99,182696.0,23448776.35
2025-12-19,128.5,130.99,128.5,130.52,227822.0,29564818.02
2025-12-22,130.55,133.12,130.55,131.27,180962.0,23877667.49
2025-12-23,131.48,135.1,131.48,132.32,256777.0,34137762.13
2025-12-24,132.1,134.9,130.53,131.14,263662.0,34996608.2
2025-12-26,131.17,143.25,130.56,140.77,3439222.0,479210007.84
2025-12-29,141.0,141.44,136.6,136.8,521117.0,72255841.27
2025-12-30,136.0,136.49,134.7,135.75,200365.0,27177574.46
2025-12-31,135.84,139.2,135.84,137.09,221573.0,30424684.31
2026-01-01,137.9,138.39,135.8,136.28,143277.0,19594951.78
2026-01-02,136.62,138.8,135.99,137.94,410381.0,56443366.99
2026-01-05,137.99,147.5,137.24,141.06,2187561.0,314141128.71
2026-01-06,141.48,141.72,137.51,138.32,192666.0,26843382.39
2026-01-07,138.01,138.9,136.9,137.62,229186.0,31561624.79
2026-01-08,138.0,145.44,137.01,137.72,1791451.0,253412807.49
2026-01-09,138.0,143.25,136.37,138.97,788613.0,110482300.87
2026-01-12,137.86,138.05,135.06,137.07,269963.0,36884012.28
2026-01-13,137.65,138.26,135.9,136.56,204835.0,28015986.6
2026-01-14,135.4,136.75,135.4,135.92,137491.0,18721677.65
2026-01-16,135.5,143.0,135.5,138.58,1026482.0,143845646.67
2026-01-19,137.9,139.08,135.55,137.57,263623.0,36155812.58
2026-01-20,136.6,137.5,130.0,130.78,508608.0,67594895.72
2026-01-21,130.4,132.33,128.4,130.34,345603.0,45114150.15
2026-01-22,131.89,134.65,131.55,133.02,209488.0,27825913.35
2026-01-23,133.02,133.79,127.12,127.66,439646.0,57229013.84
2026-01-27,127.87,129.5,125.61,128.09,238740.0,30388834.81
2026-01-28,128.49,133.5,128.49,132.98,264729.0,34812602.24
2026-01-29,132.86,132.86,130.0,130.37,263577.0,34578947.78
2026-01-30,128.81,131.95,127.94,129.65,252640.0,32876403.17
2026-02-01,130.0,135.3,126.3,130.16,517661.0,68414776.91
2026-02-02,129.38,134.1,126.55,129.53,289808.0,37194276.44
2026-02-03,135.0,135.9,131.5,133.52,391880.0,52312723.35
2026-02-04,132.6,135.5,131.81,134.63,231963.0,31131498.5
2026-02-05,134.99,135.0,132.0,132.4,161357.0,21475929.94
2026-02-06,131.11,132.46,130.1,131.44,173177.0,22756902.42
2026-02-09,133.24,135.94,132.4,135.17,266623.0,35805058.3
2026-02-10,135.0,144.0,134.97,141.51,1952123.0,274973600.11
2026-02-11,142.0,142.78,139.21,139.54,345168.0,48459082.27
2026-02-12,139.0,139.35,137.55,137.99,242814.0,33584968.07
2026-02-13,136.0,136.41,134.16,134.83,328059.0,44275619.44
2026-02-16,133.5,137.4,132.31,134.71,348425.0,46913888.71
2026-02-17,134.71,135.8,134.1,135.05,211431.0,28504866.85
2026-02-18,134.8,142.4,134.8,138.11,1235371.0,172199841.56
2026-02-19,144.9,146.5,142.1,143.79,3310091.0,478181781.37
2026-02-20,143.1,144.76,141.49,141.94,458878.0,65598180.17
2026-02-23,142.0,145.2,141.31,143.03,508746.0,72876458.07
2026-02-24,142.0,143.1,140.71,141.39,231507.0,32780301.95
2026-02-25,141.1,144.04,141.01,141.45,381466.0,54357108.97
2026-02-26,142.1,143.95,141.1,141.67,493526.0,70302168.19
2026-02-27,141.3,142.98,140.1,141.4,437954.0,62037615.25
2026-03-02,136.0,143.88,136.0,139.98,797826.0,112449803.03
2026-03-04,138.0,140.33,137.1,137.78,662842.0,91888358.54
2026-03-05,138.5,140.29,137.31,138.17,511548.0,71003236.44
2026-03-06,137.61,141.75,136.3,139.27,809248.0,112356495.6
2026-03-09,136.3,136.52,134.25,134.92,322222.0,43579045.85
2026-03-10,136.5,138.02,135.31,137.16,300101.0,41002930.72
2026-03-11,137.02,142.5,137.02,140.0,758155.0,106214409.38
2026-03-12,137.94,140.9,136.5,136.92,1029178.0,142466651.55
2026-03-13,135.5,136.4,132.56,133.3,461734.0,61843479.87
2026-03-16,133.1,133.21,127.1,128.78,639463.0,82460466.8
2026-03-17,129.1,132.39,128.6,131.78,465011.0,60782723.55
2026-03-18,133.0,139.0,131.81,138.06,1751841.0,238685357.5
2026-03-19,135.5,142.01,134.41,135.81,965566.0,133266118.35
2026-03-20,137.2,140.69,136.59,137.2,702236.0,97367231.91
2026-03-23,134.11,135.08,126.05,126.99,816641.0,106389660.78
2026-03-24,128.6,130.2,127.02,127.99,623787.0,80111713.92
2026-03-25,130.0,133.45,128.03,128.85,1107521.0,144923679.07
2026-03-27,126.2,127.49,115.56,117.69,2238127.0,271353934.4
2026-03-30,115.0,115.86,111.2,111.72,1410198.0,159117451.57
2026-04-01,116.0,119.88,114.23,119.32,769499.0,91108778.32
2026-04-02,116.32,118.8,114.5,117.94,753448.0,87973400.36
2026-04-06,118.0,120.07,115.63,118.8,924370.0,109468950.64
2026-04-07,118.9,120.9,117.2,119.05,519592.0,61908954.98
2026-04-08,123.8,127.3,121.56,125.37,1412026.0,175805389.33
2026-04-09,125.37,126.29,122.55,123.02,626593.0,77667364.56
2026-04-10,125.28,127.44,123.7,126.34,783549.0,98687538.39
2026-04-13,122.0,124.79,120.71,123.23,743573.0,91716466.88
2026-04-15,125.9,128.9,125.75,127.76,826973.0,105307978.51
2026-04-16,129.0,131.84,128.7,130.18,694079.0,90380357.71
2026-04-17,131.0,132.77,130.78,132.33,704521.0,92924052.77
2026-04-20,132.1,133.5,129.21,129.6,793448.0,104354246.49
2026-04-21,130.94,132.49,130.06,131.02,458206.0,60253292.95
2026-04-22,130.49,131.9,130.0,130.6,372773.0,48739525.82
2026-04-23,129.5,130.14,127.2,127.8,381357.0,49086777.49
2026-04-24,128.5,128.51,124.51,125.49,543488.0,68286749.48
2026-04-27,127.7,129.7,126.65,129.02,487260.0,62551940.64
2026-04-28,129.49,131.2,128.99,129.45,407017.0,52900738.05
2026-04-29,129.65,131.4,128.7,129.39,404261.0,52586092.48
2026-04-30,129.0,129.0,127.12,128.12,249017.0,31864972.54
2026-05-04,129.0,137.33,129.0,135.25,1457488.0,195947649.37
2026-05-05,134.0,142.98,134.0,141.59,3454061.0,484537275.52
2026-05-06,143.8,143.97,140.0,140.43,1044445.0,147657172.67
2026-05-07,140.43,152.4,140.43,147.11,3907306.0,579939100.19
2026-05-08,148.2,158.9,147.1,154.21,4164410.0,645704300.84
2026-05-11,153.32,158.8,147.1,156.66,2187277.0,334289620.44
2026-05-12,155.6,158.18,148.0,149.09,1594293.0,243724986.13
2026-05-13,160.53,163.85,151.24,153.04,5476859.0,855133216.74
2026-05-14,154.8,155.57,149.46,150.82,912646.0,138150147.68
2026-05-15,151.75,153.29,148.21,148.97,648936.0,97594140.36
2026-05-18,147.0,149.0,143.01,146.24,832683.0,121251539.56
2026-05-19,147.01,149.0,145.32,146.67,442782.0,65204860.15
2026-05-20,145.01,149.0,142.3,144.91,732190.0,106251457.5
2026-05-21,151.0,153.54,148.76,149.12,1871691.0,282122489.9
2026-05-22,149.02,149.36,143.25,143.76,900875.0,130681808.56
2026-05-25,145.25,147.36,143.8,145.76,461414.0,67234651.38
2026-05-26,146.0,146.76,142.26,142.79,333013.0,48168806.23
2026-05-27,142.5,145.5,142.34,142.78,354602.0,50922643.29
2026-05-29,142.99,143.99,138.66,139.77,406461.0,57609754.26
2026-06-01,145.0,147.95,138.95,139.55,1205768.0,171981017.36
2026-06-02,140.51,142.39,138.05,140.34,500170.0,70229735.48
2026-06-03,140.2,140.36,137.1,139.27,437656.0,60680798.72
2026-06-04,138.88,140.29,137.51,138.11,342232.0,47482552.52
2026-06-05,138.54,143.4,138.49,141.07,631490.0,89132835.12
2026-06-08,139.7,141.9,135.61,136.11,618417.0,85752612.11
2026-06-09,136.55,143.89,136.55,142.98,1070045.0,151834884.01
2026-06-10,141.8,142.79,137.6,138.27,460632.0,64382015.72
2026-06-11,137.0,137.87,135.36,135.76,336400.0,45887662.4
2026-06-12,137.29,141.0,137.29,140.37,381836.0,53227280.34
2026-06-15,142.5,143.39,140.7,141.07,370980.0,52748876.9
2026-06-16,141.59,142.7,140.4,141.9,244878.0,34695317.27
2026-06-17,141.9,142.28,140.84,141.89,231120.0,32748615.08
2026-06-18,143.0,145.34,137.98,138.77,1039456.0,146222003.93
2026-06-19,138.77,140.36,137.56,139.55,285188.0,39710928.07
2026-06-22,139.97,140.44,138.47,138.89,336626.0,46895449.09
2026-06-23,139.05,139.89,135.53,136.22,617586.0,84799548.21
2026-06-24,135.7,138.49,135.33,137.95,322621.0,44200209.09
2026-06-25,139.0,142.99,138.01,139.55,1444488.0,203102688.04
2026-06-29,139.55,140.4,137.42,138.51,382744.0,53032308.63
2026-06-30,140.0,140.53,138.11,138.67,426712.0,59322557.05
2026-07-01,138.67,140.85,138.0,138.17,323501.0,45010454.77
2026-07-02,138.55,141.2,138.06,140.1,509545.0,71033901.15
2026-07-03,140.99,143.95,139.16,142.94,1978160.0,282362883.68
2026-07-06,143.0,143.01,140.0,140.81,365017.0,51556941.01
2026-07-07,140.81,140.98,138.0,138.24,298561.0,41420054.44
2026-07-08,137.2,140.28,135.3,135.76,402277.0,55313640.79
2026-07-09,135.95,137.65,135.95,136.88,254272.0,34814215.76
2026-07-10,137.25,139.63,137.25,138.93,292321.0,40508663.47
2026-07-13,138.0,141.2,137.42,139.8,385346.0,53870839.7
2026-07-14,138.5,139.48,136.28,136.76,216055.0,29739309.34
2026-07-15,138.0,138.38,136.1,136.78,167839.0,23026240.06
2026-07-16,136.9,138.71,136.0,136.27,158896.0,21745730.66
2026-07-17,136.27,137.9,135.35,137.18,293435.0,40002383.01
2026-07-20,137.0,137.0,135.44,135.66,143690.0,19528617.09
2026-07-21,136.48,139.59,136.3,137.94,535269.0,73932904.01
2026-07-22,137.0,137.47,134.42,135.39,305343.0,41421787.74
2026-07-23,134.77,136.0,132.5,133.46,271944.0,36508422.63
2026-07-24,133.1,133.8,131.1,133.37,225807.0,29905133.45
2026-07-27,134.9,135.5,134.13,135.14,135412.0,18282142.13
2026-07-28,135.0,137.3,133.55,133.97,213248.0,28832461.36
2026-07-29,134.68,136.8,133.97,134.84,180370.0,24372000.94
2026-07-30,134.1,136.05,134.1,134.56,139700.0,18848504.41
2026-07-31,135.01,135.48,134.0,134.32,117628.0,15836858.23
2026-08-03,135.38,141.95,135.1,140.0,1780008.0,248508750.15
2026-08-04,140.89,141.65,138.1,138.88,420075.0,58849396.31
2026-08-05,139.5,141.18,138.0,138.22,378574.0,52824573.8
2026-08-06,138.3,138.68,137.8,137.93,136917.0,18907592.26
2026-08-07,137.5,138.79,137.5,138.04,119657.0,16514886.38
2026-08-10,138.25,139.22,136.5,136.91,236228.0,32545201.84
2026-08-11,137.4,141.9,135.5,136.92,1075704.0,148985135.75
2026-08-12,135.5,136.89,133.8,134.12,375144.0,50666824.56
2026-08-13,134.2,134.98,132.72,132.98,222670.0,29791124.01
2026-08-14,132.55,134.53,132.0,132.34,229488.0,30575217.23
2026-08-17,134.0,136.49,134.0,134.27,342462.0,46325480.84
2026-08-18,134.0,134.5,132.0,132.33,235829.0,31343270.23
2026-08-19,133.0,133.53,129.6,130.39,344946.0,45223915.56
2026-08-20,131.05,131.69,130.65,130.91,313273.0,41105141.46
2026-08-21,131.0,131.5,130.38,130.58,174035.0,22793533.48
2026-08-24,130.64,131.99,128.5,128.9,342107.0,44438538.63
2026-08-25,129.5,131.0,128.62,130.56,246005.0,31903935.05
2026-08-26,131.1,132.0,128.55,129.63,188908.0,24615134.05
2026-08-27,129.64,133.88,129.46,130.56,578973.0,76508151.94
2026-08-28,130.61,131.47,129.26,129.98,208579.0,27129542.96
2026-08-31,129.5,129.79,128.25,128.72,184752.0,23802579.22
2026-09-01,128.12,128.8,126.7,127.15,154322.0,19672947.43
2026-09-02,126.52,127.3,125.25,126.61,253856.0,32066685.31
2026-09-03,127.0,128.31,124.9,125.93,240725.0,30410391.98
2026-09-04,125.93,127.77,125.91,126.55,269289.0,34091612.19
2026-09-07,127.0,127.0,124.76,125.08,204770.0,25724643.47
2026-09-08,124.5,125.44,124.05,124.41,227721.0,28361304.35
2026-09-09,124.02,125.4,122.15,123.18,310633.0,38333885.2
2026-09-10,123.0,123.75,120.51,120.95,409114.0,49802801.47
2026-09-11,120.8,121.48,119.21,120.62,254402.0,30617820.15
2026-09-15,122.55,122.97,116.2,117.18,524451.0,61999999.77
2026-09-16,118.05,118.05,115.2,117.67,160025.0,18706394.9
2026-09-17,117.9,121.8,117.2,120.81,228607.0,27395968.77
2026-09-18,120.15,122.29,120.0,120.77,245577.0,29736014.36
2026-09-21,120.61,122.09,119.5,120.02,166831.0,20144828.9
2026-09-22,120.02,121.54,118.55,119.16,326039.0,39058058.42
2026-09-23,119.5,122.28,119.31,120.91,162616.0,19721821.69
2026-09-24,120.0,120.37,118.41,118.83,157275.0,18769866.11
2026-09-25,118.1,121.1,117.77,120.36,231330.0,27597612.92
2026-09-28,120.49,120.49,115.55,115.95,370669.0,43317233.39
2026-09-29,115.9,115.95,113.11,114.94,747785.0,85632426.02
2026-09-30,115.95,117.09,113.63,114.07,198593.0,22810671.45
2026-10-01,114.05,114.07,109.81,111.5,750373.0,83617353.56
2026-10-05,112.0,113.25,110.21,111.53,255376.0,28488586.91
2026-10-06,111.53,113.88,111.5,113.53,195940.0,22142930.05
2026-10-07,114.01,114.17,112.11,112.87,153549.0,17345008.89
2026-10-08,113.0,113.4,108.62,109.24,273782.0,30160370.83
2026-10-09,110.0,111.01,108.15,110.35,231973.0,25470829.76
